F1,F2,Class,F3,F4
11.47324578,31.79622692,Tumor,BT_S2,Immune
20.51281141,32.04509162,Tumor,BT_S2,Immune
0.916749221,44.10689035,Tumor,BT_S2,Immune
14.2133693,36.81506574,Tumor,BT_S2,Immune
17.86796646,38.90806592,Tumor,BT_S2,Immune
11.22767926,32.97698784,Tumor,BT_S2,Immune
0.918401602,44.1075741,Tumor,BT_S2,Immune
37.24240482,44.87293992,Tumor,BT_S2,Immune
31.80851359,26.55707645,Tumor,BT_S2,Immune
-22.89568089,-3.556030649,Tumor,BT_S2,Immune
4.139764109,42.06255938,Tumor,BT_S2,Immune
17.89794118,41.02292331,Tumor,BT_S2,Immune
-20.65940725,4.756652129,Tumor,BT_S2,Immune
9.683113061,17.2137964,Tumor,BT_S2,Immune
9.962834158,30.19870679,Tumor,BT_S2,Immune
-1.059548578,25.58083605,Tumor,BT_S2,Immune
9.510232306,26.1608979,Tumor,BT_S2,Immune
9.526084987,29.25837194,Tumor,BT_S2,Immune
-28.07367351,20.09309257,Tumor,BT_S2,Immune
13.41633738,38.86079084,Tumor,BT_S2,Immune
13.06188903,39.06878763,Tumor,BT_S2,Immune
7.183550271,38.37079594,Tumor,BT_S2,Immune
-3.025173276,12.18570154,Tumor,BT_S2,Immune
7.394452219,35.64948357,Tumor,BT_S2,Immune
-5.685066315,17.98530177,Tumor,BT_S2,Immune
-19.05776407,0.703830731,Tumor,BT_S2,Immune
-21.24368638,1.4291237,Tumor,BT_S2,Immune
12.63358425,25.67248696,Tumor,BT_S2,Immune
6.426563215,36.67815703,Tumor,BT_S2,Immune
29.11514364,40.75217394,Tumor,BT_S2,Immune
16.47383586,40.08895315,Tumor,BT_S2,Immune
-11.44039375,4.614673803,Tumor,BT_S2,Immune
-3.228838727,16.23629814,Tumor,BT_S2,Immune
-20.06140824,22.80163887,Tumor,BT_S2,Immune
13.12665937,26.13853715,Tumor,BT_S2,Immune
-20.97761657,5.868572704,Tumor,BT_S2,Immune
-24.40680051,19.49566984,Tumor,BT_S2,Immune
-22.73114671,-2.804459157,Tumor,BT_S2,Immune
-14.94100508,5.963092338,Tumor,BT_S2,Immune
-20.37890456,1.337412416,Tumor,BT_S2,Immune
-20.28103759,23.04618659,Tumor,BT_S2,Immune
5.330703264,43.44278831,Tumor,BT_S2,Immune
-25.54396041,21.04475482,Tumor,BT_S2,Immune
-23.38547463,22.14794781,Tumor,BT_S2,Immune
-24.59815724,23.81807954,Tumor,BT_S2,Immune
11.10815088,34.89760066,Tumor,BT_S2,Immune
-18.8917122,-0.870079225,Tumor,BT_S2,Immune
-13.73224488,3.082201487,Tumor,BT_S2,Immune
-22.10363406,24.53325562,Tumor,BT_S2,Immune
10.06359934,28.77018462,Tumor,BT_S2,Immune
-23.32701724,17.34975968,Tumor,BT_S2,Immune
-19.29350375,0.131097293,Tumor,BT_S2,Immune
-22.05664797,-1.472120881,Tumor,BT_S2,Immune
20.21497123,37.67107142,Tumor,BT_S2,Immune
-20.32442,22.85378246,Tumor,BT_S2,Immune
-6.727002825,24.95618304,Tumor,BT_S2,Immune
-7.433585883,-10.20493104,Tumor,BT_S2,Immune
-26.25364324,21.74625167,Tumor,BT_S2,Immune
-11.76844645,2.957162345,Tumor,BT_S2,Immune
10.00873694,27.38189401,Tumor,BT_S2,Immune
27.03682125,30.51617222,Tumor,BT_S2,Immune
-10.50054172,18.21560186,Tumor,BT_S2,Immune
12.05352592,42.22332786,Tumor,BT_S2,Immune
15.36919758,38.19550046,Tumor,BT_S2,Immune
22.30189258,30.59778455,Tumor,BT_S2,Immune
-24.67467291,21.00675964,Tumor,BT_S2,Immune
4.632530991,38.60231214,Tumor,BT_S2,Immune
-27.19237618,21.49607714,Tumor,BT_S2,Immune
15.87986461,8.150721329,Tumor,BT_S2,Immune
-21.28627667,1.342734445,Tumor,BT_S2,Immune
5.381431123,22.33395478,Tumor,BT_S2,Immune
11.67999433,27.61027072,Tumor,BT_S2,Immune
12.28556242,25.71171262,Tumor,BT_S2,Immune
-7.81738295,-8.755266473,Tumor,BT_S2,Immune
12.03165877,32.78357554,Tumor,BT_S2,Immune
21.08885874,38.03811908,Tumor,BT_S2,Immune
-22.40757981,-2.335021501,Tumor,BT_S2,Immune
-2.724574715,11.75575586,Tumor,BT_S2,Immune
-11.46937804,3.272705796,Tumor,BT_S2,Immune
-25.70024751,20.55978756,Tumor,BT_S2,Immune
5.044204771,32.17429196,Tumor,BT_S2,Immune
-14.93752904,9.592561816,Tumor,BT_S2,Immune
-4.92040928,32.31020718,Tumor,BT_S2,Immune
-2.035416924,19.73598801,Tumor,BT_S2,Immune
-19.70869689,-6.418225218,Tumor,BT_S2,Immune
-24.7558148,21.80978301,Tumor,BT_S2,Immune
15.81100537,35.0637965,Tumor,BT_S2,Immune
4.484982456,13.07294134,Tumor,BT_S2,Immune
15.29512165,42.6709716,Tumor,BT_S2,Immune
-10.95237415,22.52730911,Tumor,BT_S2,Immune
6.400562455,33.63105657,Tumor,BT_S2,Immune
12.99810259,30.99134107,Tumor,BT_S2,Immune
15.5127874,23.89868081,Tumor,BT_S2,Immune
-4.957065168,11.68122051,Tumor,BT_S2,Immune
-18.60836884,22.25226205,Tumor,BT_S2,Immune
9.978775405,44.26104672,Tumor,BT_S2,Immune
-26.28572132,20.92503685,Tumor,BT_S2,Immune
16.55565937,38.76191546,Tumor,BT_S2,Immune
6.930542439,28.52564712,Tumor,BT_S2,Immune
29.31885878,44.51789689,Tumor,BT_S2,Immune
14.25435438,22.32259271,Tumor,BT_S2,Immune
-11.64159022,23.19919375,Tumor,BT_S2,Immune
-28.92718765,9.35687267,Tumor,BT_S2,Immune
-6.753911499,-12.20255644,Tumor,BT_S2,Immune
3.668932206,21.13634123,Tumor,BT_S2,Immune
16.14790365,38.50128876,Tumor,BT_S2,Immune
9.795551659,37.15333941,Tumor,BT_S2,Immune
-26.35122761,21.04739632,Tumor,BT_S2,Immune
-5.887345059,15.76099972,Tumor,BT_S2,Immune
-0.498529035,7.798784401,Tumor,BT_S2,Immune
-20.99071622,1.652895511,Tumor,BT_S2,Immune
-20.70665711,10.26805431,Tumor,BT_S2,Immune
8.31783526,43.76608717,Tumor,BT_S2,Immune
5.323697712,39.16980884,Tumor,BT_S2,Immune
-24.69138103,20.00528282,Tumor,BT_S2,Immune
19.76333302,37.28200028,Tumor,BT_S2,Immune
-11.32740051,11.52851856,Tumor,BT_S2,Immune
12.19305048,34.71415046,Tumor,BT_S2,Immune
5.548251504,33.4130039,Tumor,BT_S2,Immune
-9.952803328,8.273388515,Tumor,BT_S2,Immune
-14.75308698,9.950102085,Tumor,BT_S2,Immune
16.36154436,37.12537611,Tumor,BT_S2,Immune
-4.238005457,18.76471595,Tumor,BT_S2,Immune
6.321016905,36.68958093,Tumor,BT_S2,Immune
-4.003987022,19.54779228,Tumor,BT_S2,Immune
42.26774613,24.12478382,Tumor,BT_S2,Immune
9.852406037,38.84446527,Tumor,BT_S2,Immune
4.247181646,35.33050663,Tumor,BT_S2,Immune
-24.8298517,14.82760634,Tumor,BT_S2,Immune
7.669361379,12.62708017,Tumor,BT_S2,Immune
-8.75256537,-3.457859952,Tumor,BT_S2,Immune
-19.15122748,3.576924951,Tumor,BT_S2,Immune
-26.34907704,3.560182994,Tumor,BT_S2,Immune
-14.04981148,0.835887242,Tumor,BT_S2,Immune
16.4369085,37.65668541,Tumor,BT_S2,Immune
3.033555322,33.7904465,Tumor,BT_S2,Immune
-25.46975154,22.62372242,Tumor,BT_S2,Immune
5.18096392,37.63567848,Tumor,BT_S2,Immune
-26.34873069,21.98981179,Tumor,BT_S2,Immune
11.90357211,30.58256988,Tumor,BT_S2,Immune
-22.8479519,22.30401717,Tumor,BT_S2,Immune
14.73739444,38.14031882,Tumor,BT_S2,Immune
-7.261970097,39.50277935,Tumor,BT_S2,Immune
-2.485042542,-4.242650746,Tumor,BT_S2,Immune
-25.95123717,20.28201363,Tumor,BT_S2,Immune
-27.63201871,22.14877624,Tumor,BT_S2,Immune
-21.74517246,22.36050958,Tumor,BT_S2,Immune
12.66689257,23.82264804,Tumor,BT_S2,Immune
14.58506728,21.85469104,Tumor,BT_S2,Immune
4.891424403,37.20466558,Tumor,BT_S2,Immune
10.19257678,29.44893931,Tumor,BT_S2,Immune
7.356574909,35.77820851,Tumor,BT_S2,Immune
18.39512828,38.1906875,Tumor,BT_S2,Immune
-11.79692757,2.681888965,Tumor,BT_S2,Immune
-15.05697768,4.197622285,Tumor,BT_S2,Immune
-20.85360451,-3.54900799,Tumor,BT_S2,Immune
-4.896388253,10.29178221,Tumor,BT_S2,Immune
5.090973978,38.51906766,Tumor,BT_S2,Immune
9.553044649,36.37182081,Tumor,BT_S2,Immune
-13.25325938,3.501210841,Tumor,BT_S2,Immune
14.13131283,34.15883809,Tumor,BT_S2,Immune
-12.97336392,3.007723248,Tumor,BT_S2,Immune
14.86236796,38.20121749,Tumor,BT_S2,Immune
7.802711875,14.88023059,Tumor,BT_S2,Immune
-12.66902494,4.475190087,Tumor,BT_S2,Immune
-3.660881351,-1.745610291,Tumor,BT_S2,Immune
-25.53244683,20.68477567,Tumor,BT_S2,Immune
-15.11053429,3.856591577,Tumor,BT_S2,Immune
5.054406898,23.60296308,Tumor,BT_S2,Immune
8.612151607,39.35682526,Tumor,BT_S2,Immune
-14.03261394,-9.397873857,Tumor,BT_S2,Immune
16.39271623,37.53517284,Tumor,BT_S2,Immune
10.58104961,40.14081049,Tumor,BT_S2,Immune
10.53929117,38.4380593,Tumor,BT_S2,Immune
5.921573588,35.11523195,Tumor,BT_S2,Immune
7.803899634,38.23997891,Tumor,BT_S2,Immune
-27.52671138,22.07074064,Tumor,BT_S2,Immune
-15.48707239,9.153562663,Tumor,BT_S2,Immune
8.278586902,43.78288393,Tumor,BT_S2,Immune
11.73546464,35.95143246,Tumor,BT_S2,Immune
-4.147035449,-6.732830739,Tumor,BT_S2,Immune
4.678681624,35.76762134,Tumor,BT_S2,Immune
14.51962078,27.5260942,Tumor,BT_S2,Immune
8.405306267,39.63027013,Tumor,BT_S2,Immune
12.64812522,23.91837235,Tumor,BT_S2,Immune
-28.07666592,20.07515634,Tumor,BT_S2,Immune
-2.671342813,11.80905494,Tumor,BT_S2,Immune
-3.106134842,8.548065555,Tumor,BT_S2,Immune
10.22001564,13.27005113,Tumor,BT_S2,Immune
25.02031378,27.2948661,Periphery,BT_S2,Immune
28.07825762,30.69367896,Periphery,BT_S2,Immune
26.74140449,40.7059602,Periphery,BT_S2,Immune
38.55661683,36.14118151,Periphery,BT_S2,Immune
40.48042371,39.28541976,Periphery,BT_S2,Immune
21.38287356,37.54564182,Periphery,BT_S2,Immune
37.28883655,29.64559738,Periphery,BT_S2,Immune
40.843913,34.30632958,Periphery,BT_S2,Immune
31.06129498,23.64496038,Periphery,BT_S2,Immune
39.5397412,37.81156173,Periphery,BT_S2,Immune
29.31907395,21.27446859,Periphery,BT_S2,Immune
42.67433594,34.16873347,Periphery,BT_S2,Immune
36.44687418,39.95090862,Periphery,BT_S2,Immune
37.62331907,36.2154174,Periphery,BT_S2,Immune
32.71043239,43.0331953,Periphery,BT_S2,Immune
33.41817062,30.87156434,Periphery,BT_S2,Immune
29.24205525,35.04604498,Periphery,BT_S2,Immune
42.09770457,37.28503949,Periphery,BT_S2,Immune
39.23612453,33.90631921,Periphery,BT_S2,Immune
2.34028021,-2.26104179,Periphery,BT_S2,Immune
30.01495206,16.75817344,Periphery,BT_S2,Immune
32.64944246,22.02053087,Periphery,BT_S2,Immune
33.22172765,29.71798049,Periphery,BT_S2,Immune
30.23136482,32.6793981,Periphery,BT_S2,Immune
30.80156944,27.4786636,Periphery,BT_S2,Immune
26.60180747,31.92454608,Periphery,BT_S2,Immune
38.7264023,47.38786461,Periphery,BT_S2,Immune
39.93557917,36.28564866,Periphery,BT_S2,Immune
29.3648784,34.10503695,Periphery,BT_S2,Immune
27.44759217,35.35588866,Periphery,BT_S2,Immune
37.46957637,24.62648321,Periphery,BT_S2,Immune
35.04610213,22.60673042,Periphery,BT_S2,Immune
37.95305251,42.56468844,Periphery,BT_S2,Immune
42.71007378,42.67316522,Periphery,BT_S2,Immune
41.57396469,36.47128427,Periphery,BT_S2,Immune
30.41609678,31.11567085,Periphery,BT_S2,Immune
32.86300255,32.05881499,Periphery,BT_S2,Immune
37.18631492,38.33101257,Periphery,BT_S2,Immune
34.70671001,33.44445888,Periphery,BT_S2,Immune
26.97689282,30.48861907,Periphery,BT_S2,Immune
40.34730028,35.31574777,Periphery,BT_S2,Immune
25.61722229,13.25882412,Periphery,BT_S2,Immune
30.87676501,36.53758939,Periphery,BT_S2,Immune
41.15886592,37.48073419,Periphery,BT_S2,Immune
27.87885265,38.13711524,Periphery,BT_S2,Immune
38.50222456,43.88976362,Periphery,BT_S2,Immune
36.5198547,39.98055356,Periphery,BT_S2,Immune
29.7008394,41.60617681,Periphery,BT_S2,Immune
30.11549828,27.86372975,Periphery,BT_S2,Immune
37.2858081,47.09534466,Periphery,BT_S2,Immune
29.49099934,34.2876523,Periphery,BT_S2,Immune
33.30224532,21.51630377,Periphery,BT_S2,Immune
27.72676944,11.75128474,Periphery,BT_S2,Immune
38.74431959,40.3131816,Periphery,BT_S2,Immune
35.40612745,33.55068137,Periphery,BT_S2,Immune
37.1523882,33.38272431,Periphery,BT_S2,Immune
32.1295073,32.01002112,Periphery,BT_S2,Immune
32.22231233,29.53165898,Periphery,BT_S2,Immune
35.31025122,47.11202116,Periphery,BT_S2,Immune
42.93943602,42.54863419,Periphery,BT_S2,Immune
34.22280918,32.13608901,Periphery,BT_S2,Immune
23.7477952,34.59583254,Periphery,BT_S2,Immune
35.43981957,37.86889736,Periphery,BT_S2,Immune
19.54030812,30.96833693,Periphery,BT_S2,Immune
18.5720443,27.3904873,Periphery,BT_S2,Immune
29.42433479,22.14760351,Periphery,BT_S2,Immune
35.48628685,39.08835767,Periphery,BT_S2,Immune
43.33951461,40.84071092,Periphery,BT_S2,Immune
38.85947992,44.99240711,Periphery,BT_S2,Immune
33.09864774,33.37164876,Periphery,BT_S2,Immune
31.25471574,30.38926485,Periphery,BT_S2,Immune
35.17294556,29.60324038,Periphery,BT_S2,Immune
27.58249357,34.34176359,Periphery,BT_S2,Immune
32.25499105,24.56086014,Periphery,BT_S2,Immune
35.19593983,32.56957397,Periphery,BT_S2,Immune
29.45659711,37.3147119,Periphery,BT_S2,Immune
26.11802575,45.26356547,Periphery,BT_S2,Immune
27.92814634,31.39719883,Periphery,BT_S2,Immune
39.80245593,37.71373808,Periphery,BT_S2,Immune
46.00277415,38.52887218,Periphery,BT_S2,Immune
31.91370259,29.8234291,Periphery,BT_S2,Immune
27.17768335,24.68341994,Periphery,BT_S2,Immune
38.60769421,34.2895115,Periphery,BT_S2,Immune
35.92954969,36.75252095,Periphery,BT_S2,Immune
35.2182667,39.80338571,Periphery,BT_S2,Immune
28.08635566,42.98036417,Periphery,BT_S2,Immune
33.63060075,46.54500688,Periphery,BT_S2,Immune
33.79743716,30.33571351,Periphery,BT_S2,Immune
30.10539287,29.67667149,Periphery,BT_S2,Immune
35.9122182,44.03966726,Periphery,BT_S2,Immune
33.5551187,28.59155695,Periphery,BT_S2,Immune
29.18790858,13.99444578,Periphery,BT_S2,Immune
36.7800537,35.49364196,Periphery,BT_S2,Immune
36.97026823,35.93682513,Periphery,BT_S2,Immune
30.99425401,31.58381796,Periphery,BT_S2,Immune
34.33634361,31.36534578,Periphery,BT_S2,Immune
26.06112875,39.75189442,Periphery,BT_S2,Immune
-0.474227175,9.356104866,Periphery,BT_S2,Immune
27.58749826,31.86862778,Periphery,BT_S2,Immune
36.29955977,28.59272008,Periphery,BT_S2,Immune
27.02884349,45.29640234,Periphery,BT_S2,Immune
37.84910071,22.42746164,Periphery,BT_S2,Immune
40.48666111,35.05233144,Periphery,BT_S2,Immune
36.37680707,38.47516911,Periphery,BT_S2,Immune
35.91353088,31.86581963,Periphery,BT_S2,Immune
35.49718302,41.85218313,Periphery,BT_S2,Immune
39.22833815,26.5614245,Periphery,BT_S2,Immune
33.05873632,31.40036059,Periphery,BT_S2,Immune
33.04751742,39.30000256,Periphery,BT_S2,Immune
25.7089904,11.35018189,Periphery,BT_S2,Immune
30.28947149,29.79247512,Periphery,BT_S2,Immune
35.87022263,29.59037067,Periphery,BT_S2,Immune
35.05511151,20.50125766,Periphery,BT_S2,Immune
32.20575075,23.46920432,Periphery,BT_S2,Immune
31.43750562,33.1112791,Periphery,BT_S2,Immune
27.71892379,35.11619487,Periphery,BT_S2,Immune
36.50815945,31.27131973,Periphery,BT_S2,Immune
20.84764352,25.22636615,Periphery,BT_S2,Immune
35.88396157,33.30536901,Periphery,BT_S2,Immune
27.57634601,41.5892552,Periphery,BT_S2,Immune
38.74935759,35.38282236,Periphery,BT_S2,Immune
29.57257268,16.23185039,Periphery,BT_S2,Immune
33.34343822,32.82174984,Periphery,BT_S2,Immune
29.08901362,36.71471967,Periphery,BT_S2,Immune
29.65475649,36.98397347,Periphery,BT_S2,Immune
38.76675307,33.08934985,Periphery,BT_S2,Immune
39.9642243,42.31801511,Periphery,BT_S2,Immune
28.664774,28.8061109,Periphery,BT_S2,Immune
33.25157223,31.72817109,Periphery,BT_S2,Immune
38.13471015,35.21549612,Periphery,BT_S2,Immune
30.3579707,30.47990871,Periphery,BT_S2,Immune
29.30271586,32.6972511,Periphery,BT_S2,Immune
32.10099473,26.03553965,Periphery,BT_S2,Immune
34.32620468,33.3024122,Periphery,BT_S2,Immune
35.55706408,33.16830406,Periphery,BT_S2,Immune
40.37479801,33.4894817,Periphery,BT_S2,Immune
33.34788662,23.07892065,Periphery,BT_S2,Immune
31.38097243,27.86175403,Periphery,BT_S2,Immune
32.60754716,34.162333,Periphery,BT_S2,Immune
34.86212077,32.36152699,Periphery,BT_S2,Immune
29.08267119,14.53618729,Periphery,BT_S2,Immune
37.64131475,42.19690563,Periphery,BT_S2,Immune
42.58701164,28.62435227,Periphery,BT_S2,Immune
32.1435172,36.22613086,Periphery,BT_S2,Immune
32.62440069,42.56268086,Periphery,BT_S2,Immune
24.87079802,10.28382258,Periphery,BT_S2,Immune
31.02139927,33.20205586,Periphery,BT_S2,Immune
32.29438942,35.44403234,Periphery,BT_S2,Immune
25.53782496,11.53948104,Periphery,BT_S2,Immune
30.48805972,25.03469084,Periphery,BT_S2,Immune
32.2223966,33.08710433,Periphery,BT_S2,Immune
35.35585284,37.53292568,Periphery,BT_S2,Immune
32.71452976,26.84784155,Periphery,BT_S2,Immune
38.88632798,31.63885429,Periphery,BT_S2,Immune
32.4736949,32.63416729,Periphery,BT_S2,Immune
28.15003883,33.44123286,Periphery,BT_S2,Immune
39.54477637,37.79875312,Periphery,BT_S2,Immune
29.4025788,43.61489879,Periphery,BT_S2,Immune
34.20684568,35.38386015,Periphery,BT_S2,Immune
27.35934522,11.72833207,Periphery,BT_S2,Immune
23.70335167,11.33196627,Periphery,BT_S2,Immune
32.55855449,21.932887,Periphery,BT_S2,Immune
38.24428622,43.248842,Periphery,BT_S2,Immune
34.22436458,46.13187981,Periphery,BT_S2,Immune
37.34987855,38.32283782,Periphery,BT_S2,Immune
29.9847674,35.93484689,Periphery,BT_S2,Immune
37.39841237,37.19434884,Periphery,BT_S2,Immune
33.09056828,32.69919114,Periphery,BT_S2,Immune
38.02890075,38.79816681,Periphery,BT_S2,Immune
34.23849512,34.55785007,Periphery,BT_S2,Immune
30.95178337,28.00283338,Periphery,BT_S2,Immune
32.97187891,39.29064766,Periphery,BT_S2,Immune
26.50061651,24.88646023,Periphery,BT_S2,Immune
32.23157276,26.07396819,Periphery,BT_S2,Immune
32.10947344,29.24023415,Periphery,BT_S2,Immune
33.61245702,34.00984561,Periphery,BT_S2,Immune
31.87322184,31.50441207,Periphery,BT_S2,Immune
39.725002,42.40625494,Periphery,BT_S2,Immune
35.15853094,25.50185398,Periphery,BT_S2,Immune
32.37610648,28.04962093,Periphery,BT_S2,Immune
32.81771238,28.99537422,Periphery,BT_S2,Immune
35.6780229,35.80737915,Periphery,BT_S2,Immune
42.96875686,34.94976025,Periphery,BT_S2,Immune
35.69334937,47.64500367,Periphery,BT_S2,Immune
40.19947074,26.29769842,Periphery,BT_S2,Immune
32.85347539,47.30759549,Periphery,BT_S2,Immune
29.50319034,28.76614941,Periphery,BT_S2,Immune
-5.024989405,-10.31466161,Tumor,BT_S2,Immune
30.63683014,19.13909922,Periphery,BT_S2,Immune
35.05002961,34.19083026,Periphery,BT_S2,Immune
41.2452311,34.35863332,Periphery,BT_S2,Immune
39.38727215,23.79753726,Periphery,BT_S2,Immune
37.11619153,40.47957234,Periphery,BT_S2,Immune
35.13125105,21.54695233,Periphery,BT_S2,Immune
28.20004444,17.77724679,Periphery,BT_S2,Immune
31.05894855,28.62097593,Periphery,BT_S2,Immune
35.35534005,23.17094424,Periphery,BT_S2,Immune
33.93486851,44.80132208,Periphery,BT_S2,Immune
33.20784926,19.6845329,Periphery,BT_S2,Immune
40.31662407,42.23588537,Periphery,BT_S2,Immune
27.77168558,41.55381076,Periphery,BT_S2,Immune
33.83037474,25.66950173,Periphery,BT_S2,Immune
27.16282372,16.65233332,Periphery,BT_S1,Immune
-0.095203491,7.709930525,Periphery,BT_S1,Immune
0.176720618,8.822199961,Periphery,BT_S1,Immune
-0.190043512,8.337829668,Periphery,BT_S1,Immune
-2.965190894,8.390068437,Periphery,BT_S1,Immune
27.39010495,19.1375571,Periphery,BT_S1,Immune
21.95657478,4.806917488,Periphery,BT_S1,Immune
18.53664085,12.23654182,Periphery,BT_S1,Immune
-0.531497253,8.490360443,Periphery,BT_S1,Immune
29.41592641,16.13563266,Periphery,BT_S1,Immune
28.11256676,19.42145218,Periphery,BT_S1,Immune
25.27430858,13.41835043,Periphery,BT_S1,Immune
36.2357695,17.25804644,Periphery,BT_S1,Immune
-0.205190502,8.459732489,Periphery,BT_S1,Immune
39.20633262,26.66049248,Periphery,BT_S1,Immune
9.774187502,10.30179121,Tumor,BT_S1,Immune
15.04959446,13.40255902,Tumor,BT_S1,Immune
24.83859796,21.06243541,Tumor,BT_S1,Immune
-2.699475303,-11.64195437,Tumor,BT_S1,Immune
10.7737049,44.39561304,Tumor,BT_S1,Immune
22.46071731,9.133799998,Periphery,BT_S1,Immune
1.148585588,9.883167606,Periphery,BT_S1,Immune
13.34779516,8.702804155,Periphery,BT_S1,Immune
28.15289267,21.53314186,Periphery,BT_S1,Immune
-0.080006823,8.750952409,Periphery,BT_S1,Immune
26.45984851,18.78031299,Periphery,BT_S1,Immune
19.75169504,6.09972938,Periphery,BT_S1,Immune
-0.022826058,8.603834297,Periphery,BT_S1,Immune
23.42318935,11.62334589,Periphery,BT_S1,Immune
0.438558934,8.106765953,Periphery,BT_S1,Immune
24.20170524,16.79432248,Periphery,BT_S1,Immune
10.78183423,21.92846178,Tumor,BT_S1,Immune
16.54198819,16.36084258,Tumor,BT_S1,Immune
9.659340488,18.90277009,Tumor,BT_S1,Immune
15.68556361,11.55014835,Tumor,BT_S1,Immune
6.785462916,10.58010257,Tumor,BT_S1,Immune
16.55268444,18.52381845,Tumor,BT_S1,Immune
14.44307235,15.13559674,Tumor,BT_S1,Immune
14.36116088,2.183824565,Tumor,BT_S1,Immune
8.141388891,15.85827413,Tumor,BT_S1,Immune
14.48485875,11.98177126,Tumor,BT_S1,Immune
12.70601095,14.09753592,Tumor,BT_S1,Immune
8.027957384,16.85856193,Tumor,BT_S1,Immune
8.228219212,18.41642837,Tumor,BT_S1,Immune
7.840493842,15.87244482,Tumor,BT_S1,Immune
12.75210592,14.06740839,Tumor,BT_S1,Immune
12.63569574,16.56554273,Tumor,BT_S1,Immune
12.57748774,16.37341617,Tumor,BT_S1,Immune
5.656593262,13.84018309,Tumor,BT_S1,Immune
9.071376093,22.27367043,Tumor,BT_S1,Immune
7.142334852,17.47508306,Tumor,BT_S1,Immune
0.397547359,17.79372909,Tumor,BT_S1,Immune
2.604992492,16.04117634,Tumor,BT_S1,Immune
23.86125244,13.88593536,Tumor,BT_S1,Immune
12.51051856,15.82755486,Tumor,BT_S1,Immune
14.7486465,10.67644673,Tumor,BT_S1,Immune
14.39583665,15.27215306,Tumor,BT_S1,Immune
9.602613816,25.54801525,Tumor,BT_S1,Immune
42.61361179,37.42716747,Tumor,BT_S1,Immune
13.60971396,12.28885841,Tumor,BT_S1,Immune
10.76159257,20.26720701,Tumor,BT_S1,Immune
15.969065,20.029315,Tumor,BT_S1,Immune
27.47373777,16.83909188,Tumor,BT_S1,Immune
12.57316847,20.20836909,Tumor,BT_S1,Immune
10.71006599,25.29673156,Tumor,BT_S1,Immune
14.68312952,13.17334815,Tumor,BT_S1,Immune
5.994035012,19.47103037,Tumor,BT_S1,Immune
7.575584782,27.51216052,Tumor,BT_S1,Immune
26.56460851,12.66287531,Tumor,BT_S1,Immune
15.36261295,13.8438221,Tumor,BT_S1,Immune
6.549987265,18.16614615,Tumor,BT_S1,Immune
10.29411898,9.083268959,Tumor,BT_S1,Immune
0.942901026,10.26032062,Tumor,BT_S1,Immune
2.415872594,29.03732635,Tumor,BT_S1,Immune
27.02550092,18.69950898,Tumor,BT_S1,Immune
13.4118679,10.94545923,Tumor,BT_S1,Immune
15.57220107,11.62467604,Tumor,BT_S1,Immune
14.13029949,19.35495935,Tumor,BT_S1,Immune
18.63476856,24.72254902,Tumor,BT_S1,Immune
45.46594114,30.33747566,Tumor,BT_S1,Immune
8.924576614,23.02916999,Tumor,BT_S1,Immune
6.727975002,21.43202022,Tumor,BT_S1,Immune
17.0071437,22.51113924,Tumor,BT_S1,Immune
17.93617105,13.62836475,Tumor,BT_S1,Immune
33.65347315,14.86197449,Tumor,BT_S1,Immune
9.69779431,23.24921666,Tumor,BT_S1,Immune
6.112645474,14.14419578,Tumor,BT_S1,Immune
8.045447366,17.31103228,Tumor,BT_S1,Immune
10.29322138,15.53301525,Tumor,BT_S1,Immune
10.50155275,10.04588256,Tumor,BT_S1,Immune
7.652803703,20.69286273,Tumor,BT_S1,Immune
7.925523422,20.67198199,Tumor,BT_S1,Immune
5.543719828,19.88539774,Tumor,BT_S1,Immune
8.240287563,18.3763586,Tumor,BT_S1,Immune
1.20665233,6.937356731,Tumor,BT_S1,Immune
26.98308691,18.28510507,Tumor,BT_S1,Immune
12.50997755,11.28084321,Tumor,BT_S1,Immune
18.12049224,14.19322418,Tumor,BT_S1,Immune
25.26037728,23.08068729,Tumor,BT_S1,Immune
6.622701654,16.74155324,Tumor,BT_S1,Immune
-0.669567914,17.37462846,Tumor,BT_S1,Immune
13.05399702,16.78123554,Tumor,BT_S1,Immune
12.72572249,11.33172194,Tumor,BT_S1,Immune
8.853444091,20.71822011,Tumor,BT_S1,Immune
19.54515627,20.24919586,Tumor,BT_S1,Immune
12.70844838,25.27289674,Tumor,BT_S1,Immune
12.40227533,19.96904658,Tumor,BT_S1,Immune
23.71841328,16.68948331,Tumor,BT_S1,Immune
4.635653704,17.88244868,Tumor,BT_S1,Immune
7.173405527,17.32766961,Tumor,BT_S1,Immune
10.26945701,20.55343901,Tumor,BT_S1,Immune
11.54399747,18.05486005,Tumor,BT_S1,Immune
9.027604391,20.66668403,Tumor,BT_S1,Immune
16.47512263,18.35995867,Tumor,BT_S1,Immune
16.18350327,11.47811676,Tumor,BT_S1,Immune
11.73369187,11.35459692,Tumor,BT_S1,Immune
19.41576671,20.28801086,Tumor,BT_S1,Immune
27.50276093,20.06273764,Tumor,BT_S1,Immune
33.38965711,19.08358696,Tumor,BT_S1,Immune
7.238786001,22.66351135,Tumor,BT_S1,Immune
23.9029803,13.97181408,Tumor,BT_S1,Immune
9.321535505,16.85092833,Tumor,BT_S1,Immune
26.34484379,13.33618409,Tumor,BT_S1,Immune
10.51015097,22.08337535,Tumor,BT_S1,Immune
16.00828005,4.153987124,Tumor,BT_S4,Immune
-2.2543868,32.47040965,Tumor,BT_S4,Immune
-6.924274043,22.23880185,Tumor,BT_S4,Immune
-6.188882052,30.56678039,Tumor,BT_S4,Immune
-24.27495954,13.62642909,Tumor,BT_S4,Immune
4.258191186,7.969775029,Tumor,BT_S4,Immune
6.804581773,24.34675398,Tumor,BT_S4,Immune
-5.119025831,22.22772419,Tumor,BT_S4,Immune
-8.33009385,23.5423266,Tumor,BT_S4,Immune
-6.809472319,29.64635722,Tumor,BT_S4,Immune
-12.70412327,28.89664359,Tumor,BT_S4,Immune
-3.160717997,31.22450474,Tumor,BT_S4,Immune
-2.574462891,36.65595724,Tumor,BT_S4,Immune
-8.839902657,26.85494473,Tumor,BT_S4,Immune
-15.23188784,25.30560523,Tumor,BT_S4,Immune
-9.091607814,14.43156197,Tumor,BT_S4,Immune
6.742787412,38.72093995,Tumor,BT_S4,Immune
-18.60655162,-1.575471964,Tumor,BT_S4,Immune
-9.122478632,29.42324442,Tumor,BT_S4,Immune
-21.3495403,4.337251498,Tumor,BT_S4,Immune
-16.16421525,3.568095389,Tumor,BT_S4,Immune
-25.47931588,0.972502461,Tumor,BT_S4,Immune
9.267745376,37.92665353,Tumor,BT_S4,Immune
18.92877999,7.992110259,Tumor,BT_S4,Immune
0.213739294,23.19365642,Tumor,BT_S4,Immune
-19.47873318,26.46100019,Tumor,BT_S4,Immune
0.937951925,37.38774273,Tumor,BT_S4,Immune
10.95330296,44.38653018,Tumor,BT_S4,Immune
0.578151357,36.25675143,Tumor,BT_S4,Immune
-23.6157518,19.83151359,Tumor,BT_S4,Immune
-8.459012322,19.68085758,Tumor,BT_S4,Immune
1.233670619,34.9783428,Tumor,BT_S4,Immune
-9.277948493,24.58433113,Tumor,BT_S4,Immune
-6.841772536,26.43436621,Tumor,BT_S4,Immune
-14.45216012,21.49824142,Tumor,BT_S4,Immune
0.101338604,-6.195244966,Tumor,BT_S4,Immune
4.204394072,25.22227674,Tumor,BT_S4,Immune
-1.369357393,23.60994316,Tumor,BT_S4,Immune
-6.986141557,27.93348647,Tumor,BT_S4,Immune
-16.34789619,17.09685028,Tumor,BT_S4,Immune
-26.47952042,16.64856552,Tumor,BT_S4,Immune
3.498068929,21.07597974,Tumor,BT_S4,Immune
0.527644086,36.42576383,Tumor,BT_S4,Immune
-7.949986102,28.4079114,Tumor,BT_S4,Immune
-5.686038242,18.01117009,Tumor,BT_S4,Immune
-8.789081596,24.23411628,Tumor,BT_S4,Immune
-23.68826184,2.969474965,Tumor,BT_S4,Immune
-0.521056653,24.54119322,Tumor,BT_S4,Immune
-11.08224525,-5.311119759,Tumor,BT_S4,Immune
-17.06587168,8.469141632,Tumor,BT_S4,Immune
-8.117201978,32.35765291,Tumor,BT_S4,Immune
-9.543865704,21.62459926,Tumor,BT_S4,Immune
-2.379853018,36.8945949,Tumor,BT_S4,Immune
-11.64045776,-0.444960895,Tumor,BT_S4,Immune
2.062132591,32.36013193,Tumor,BT_S4,Immune
-9.324031801,23.22256608,Tumor,BT_S4,Immune
-11.72191925,24.53577817,Tumor,BT_S4,Immune
-6.758526946,35.81625281,Tumor,BT_S4,Immune
-25.16709009,18.20731597,Tumor,BT_S4,Immune
-12.15457569,-11.11468362,Tumor,BT_S4,Immune
-4.09227109,-4.79125172,Tumor,BT_S4,Immune
13.03863211,29.03845365,Tumor,BT_S4,Immune
-7.55147108,25.83299852,Tumor,BT_S4,Immune
-9.98336094,20.59825245,Tumor,BT_S4,Immune
-6.045975301,29.37587015,Tumor,BT_S4,Immune
-2.203333053,34.72976461,Tumor,BT_S4,Immune
1.864229319,27.99656045,Tumor,BT_S4,Immune
-21.8843521,21.91265864,Tumor,BT_S4,Immune
-16.61948689,13.28547325,Tumor,BT_S4,Immune
-6.818451547,25.58692364,Tumor,BT_S4,Immune
0.087582624,25.70615076,Tumor,BT_S4,Immune
19.35299069,6.412445738,Tumor,BT_S4,Immune
-9.568302792,32.23147183,Tumor,BT_S4,Immune
-24.30800833,7.800210567,Tumor,BT_S4,Immune
-16.29225322,16.99974093,Tumor,BT_S4,Immune
-8.660386424,15.80792932,Tumor,BT_S4,Immune
-29.0068202,17.7927635,Tumor,BT_S4,Immune
14.91618769,3.154145108,Tumor,BT_S4,Immune
-4.452412441,30.53042372,Tumor,BT_S4,Immune
7.679873338,27.40200661,Tumor,BT_S4,Immune
-6.03894742,8.434359142,Tumor,BT_S4,Immune
-3.788836208,19.61918222,Tumor,BT_S4,Immune
-14.0402721,31.63698171,Tumor,BT_S4,Immune
-6.095756678,33.59190928,Tumor,BT_S4,Immune
15.93583664,16.59515683,Tumor,BT_S4,Immune
1.229373494,17.2989394,Tumor,BT_S4,Immune
-25.91091096,18.48620706,Tumor,BT_S4,Immune
-14.85259779,30.80802562,Tumor,BT_S4,Immune
-2.276939129,24.95573714,Tumor,BT_S4,Immune
-2.862367194,25.89703301,Tumor,BT_S4,Immune
1.423662531,40.69942749,Tumor,BT_S4,Immune
-16.63525687,22.44557437,Tumor,BT_S4,Immune
-15.58180992,19.56516799,Tumor,BT_S4,Immune
-23.13661803,1.744057133,Tumor,BT_S4,Immune
-9.42598593,23.36830652,Tumor,BT_S4,Immune
-14.75905188,25.13999804,Tumor,BT_S4,Immune
-7.948449548,19.90791032,Tumor,BT_S4,Immune
-8.20862484,30.23242596,Tumor,BT_S4,Immune
-15.4120466,16.82134719,Tumor,BT_S4,Immune
-13.72240274,19.517574,Tumor,BT_S4,Immune
-0.621274173,34.09232901,Tumor,BT_S4,Immune
-10.98962814,26.64995024,Tumor,BT_S4,Immune
-1.359792102,24.70442939,Tumor,BT_S4,Immune
-17.0998718,23.69895099,Tumor,BT_S4,Immune
4.563348574,26.43940543,Tumor,BT_S4,Immune
-18.45139896,20.41456704,Tumor,BT_S4,Immune
-12.04833132,33.9116,Tumor,BT_S4,Immune
6.206753896,26.53228877,Tumor,BT_S4,Immune
7.191280442,30.0918393,Tumor,BT_S4,Immune
-25.15799334,19.20924057,Tumor,BT_S4,Immune
-13.56593116,21.69024737,Tumor,BT_S4,Immune
6.693224019,31.6374354,Tumor,BT_S4,Immune
-2.478364355,26.35670199,Tumor,BT_S4,Immune
-26.79448693,20.03944578,Tumor,BT_S4,Immune
-11.30537886,27.39374265,Tumor,BT_S4,Immune
-4.288130209,25.96257199,Tumor,BT_S4,Immune
0.414916039,17.77686136,Tumor,BT_S4,Immune
10.27083089,2.895026748,Tumor,BT_S4,Immune
-11.77717208,21.60457312,Tumor,BT_S4,Immune
-7.314750758,21.10063423,Tumor,BT_S4,Immune
-25.57899681,17.69572485,Tumor,BT_S4,Immune
-5.115292083,22.31763588,Tumor,BT_S4,Immune
-6.583167235,31.75378475,Tumor,BT_S4,Immune
-15.72374608,28.54719511,Tumor,BT_S4,Immune
-10.43718883,18.15366104,Tumor,BT_S4,Immune
-10.4035152,27.91769239,Tumor,BT_S4,Immune
11.590696,18.35169403,Tumor,BT_S4,Immune
-5.301276979,13.33059044,Tumor,BT_S4,Immune
-7.04801074,21.43708827,Tumor,BT_S4,Immune
-11.3588414,31.82662781,Tumor,BT_S4,Immune
-8.777582773,37.899118,Tumor,BT_S4,Immune
20.91746741,7.607619579,Tumor,BT_S4,Immune
-10.04382801,31.12565137,Tumor,BT_S4,Immune
5.321035064,23.64463049,Tumor,BT_S4,Immune
7.311773139,42.59536536,Tumor,BT_S4,Immune
-8.797012145,25.02158427,Tumor,BT_S4,Immune
-4.832362111,25.02713794,Tumor,BT_S4,Immune
8.758648291,35.2722603,Tumor,BT_S4,Immune
-7.452058705,29.13624259,Tumor,BT_S4,Immune
-15.75537016,20.0330306,Tumor,BT_S4,Immune
-18.26885232,2.156775258,Tumor,BT_S4,Immune
-14.15165278,27.07443107,Tumor,BT_S4,Immune
-2.451237622,30.81027672,Tumor,BT_S4,Immune
-23.41218184,11.90169897,Tumor,BT_S4,Immune
-7.936919021,27.2857815,Tumor,BT_S4,Immune
-11.76232642,28.37098316,Tumor,BT_S4,Immune
-25.19084865,17.06015467,Tumor,BT_S4,Immune
-1.872282031,30.91341559,Tumor,BT_S4,Immune
-12.09343646,20.37754353,Tumor,BT_S4,Immune
-6.90341709,23.5570812,Tumor,BT_S4,Immune
-2.618757203,41.04070307,Tumor,BT_S4,Immune
-17.13504124,15.63704346,Tumor,BT_S4,Immune
-8.708207079,30.62670867,Tumor,BT_S4,Immune
-26.61425896,18.10698959,Tumor,BT_S4,Immune
-6.901927335,25.24574137,Tumor,BT_S4,Immune
-15.45180147,25.28766011,Tumor,BT_S4,Immune
-23.77825721,10.47404704,Tumor,BT_S4,Immune
-10.46271437,20.43815798,Tumor,BT_S4,Immune
-3.701666781,23.36929861,Tumor,BT_S4,Immune
-15.26163461,28.2148447,Tumor,BT_S4,Immune
-10.29130197,29.36280865,Tumor,BT_S4,Immune
-6.623246128,28.50872964,Tumor,BT_S4,Immune
-9.460179802,26.61868631,Tumor,BT_S4,Immune
-6.199154389,10.26055397,Tumor,BT_S4,Immune
-17.50379926,14.46360871,Tumor,BT_S4,Immune
-17.27024254,15.66535066,Tumor,BT_S4,Immune
-9.943652321,25.34455374,Tumor,BT_S4,Immune
1.868228595,22.60777251,Tumor,BT_S4,Immune
-12.02593885,17.34415753,Tumor,BT_S4,Immune
-24.89434863,18.89027926,Tumor,BT_S4,Immune
-15.75224774,20.13424084,Tumor,BT_S4,Immune
-7.258416821,29.84449204,Tumor,BT_S4,Immune
-2.164934926,29.93506792,Tumor,BT_S4,Immune
-26.12769078,18.98737979,Tumor,BT_S4,Immune
-16.95851799,13.25392714,Tumor,BT_S4,Immune
-8.431630181,29.36574515,Tumor,BT_S4,Immune
-8.048171231,21.37932427,Tumor,BT_S4,Immune
-4.044632917,28.84599533,Tumor,BT_S4,Immune
13.83701758,6.184174687,Tumor,BT_S4,Immune
-5.086292406,30.34990839,Tumor,BT_S4,Immune
-13.91517798,30.66559159,Tumor,BT_S4,Immune
-5.842591903,26.49916245,Tumor,BT_S4,Immune
-17.07778713,8.371709517,Tumor,BT_S4,Immune
-17.69300604,15.58829788,Tumor,BT_S4,Immune
-5.327304041,23.75292311,Tumor,BT_S4,Immune
-19.71080614,11.5990223,Tumor,BT_S4,Immune
2.904519152,25.40275237,Tumor,BT_S4,Immune
3.967216063,36.99387786,Tumor,BT_S4,Immune
-11.80250901,24.87283738,Tumor,BT_S4,Immune
-26.26181879,18.01754865,Tumor,BT_S4,Immune
-6.90350256,23.438607,Tumor,BT_S4,Immune
-29.6689635,19.3375868,Tumor,BT_S4,Immune
0.431128804,31.90621506,Tumor,BT_S4,Immune
-1.407130712,29.1088216,Tumor,BT_S4,Immune
-3.337258935,19.28431774,Tumor,BT_S4,Immune
14.47902034,6.156402331,Tumor,BT_S4,Immune
-19.28428295,4.176935859,Tumor,BT_S4,Immune
-9.055219522,26.68017772,Tumor,BT_S4,Immune
-2.925990487,26.89411538,Tumor,BT_S4,Immune
-11.75210792,30.20445709,Tumor,BT_S4,Immune
-15.36541837,29.21552876,Tumor,BT_S4,Immune
-4.333262581,27.8459063,Tumor,BT_S4,Immune
-11.44330759,29.89083869,Tumor,BT_S4,Immune
-4.690537261,30.58036253,Tumor,BT_S4,Immune
-15.20005931,15.25039232,Tumor,BT_S4,Immune
-10.3778176,28.44184534,Tumor,BT_S4,Immune
-5.507892163,21.98766695,Tumor,BT_S4,Immune
-12.36729449,21.49059225,Tumor,BT_S4,Immune
-0.491324845,29.14424361,Tumor,BT_S4,Immune
4.564428125,26.70973954,Tumor,BT_S4,Immune
-4.709050183,32.21928321,Tumor,BT_S4,Immune
-7.606237807,26.97278334,Tumor,BT_S4,Immune
-25.18626115,18.61191695,Tumor,BT_S4,Immune
-7.732644352,27.23250192,Tumor,BT_S4,Immune
-14.10939661,31.02244561,Tumor,BT_S4,Immune
-3.570099097,25.36034972,Tumor,BT_S4,Immune
-3.863316038,34.1426262,Tumor,BT_S4,Immune
-18.27871811,3.660948265,Tumor,BT_S4,Immune
-20.34269766,-9.482760396,Tumor,BT_S4,Immune
18.11186031,4.264404515,Tumor,BT_S4,Immune
-8.175597854,34.86977863,Tumor,BT_S4,Immune
-3.213550334,16.22135395,Tumor,BT_S4,Immune
-13.35632747,21.8751116,Tumor,BT_S4,Immune
-10.56421679,28.03760818,Tumor,BT_S4,Immune
-5.510274554,28.51038749,Tumor,BT_S4,Immune
-8.284669904,28.26618706,Tumor,BT_S4,Immune
-17.5435709,12.91623239,Tumor,BT_S4,Immune
6.639307911,28.29425902,Tumor,BT_S4,Immune
-22.01053928,18.94619661,Tumor,BT_S4,Immune
-25.98622633,18.72785012,Tumor,BT_S4,Immune
-0.6277344,19.92222957,Tumor,BT_S4,Immune
-5.271081508,24.69922214,Tumor,BT_S4,Immune
9.699484078,2.763751035,Tumor,BT_S4,Immune
-9.021287541,29.24832861,Tumor,BT_S4,Immune
-9.839686036,24.14343793,Tumor,BT_S4,Immune
-5.386801881,37.55749203,Tumor,BT_S4,Immune
-13.84336365,2.922251315,Tumor,BT_S4,Immune
-5.998708919,2.647926809,Tumor,BT_S4,Immune
-10.10784019,-0.172725591,Tumor,BT_S4,Immune
-7.217693813,7.056875188,Tumor,BT_S4,Immune
-5.515889019,28.37165951,Tumor,BT_S4,Immune
2.009876207,28.06353483,Tumor,BT_S4,Immune
-1.859725894,14.2491208,Tumor,BT_S4,Immune
-8.205349286,6.796461498,Tumor,BT_S4,Immune
-6.884513226,32.01668909,Tumor,BT_S4,Immune
-26.34047658,11.6452149,Tumor,BT_S4,Immune
-10.23305328,28.03929682,Tumor,BT_S4,Immune
6.272429616,24.84122936,Tumor,BT_S4,Immune
-24.51182556,6.415397538,Tumor,BT_S4,Immune
-10.26131548,17.2084251,Tumor,BT_S4,Immune
-3.547523957,-3.414366821,Tumor,BT_S4,Immune
-22.12724775,6.111528243,Tumor,BT_S4,Immune
-3.965802657,20.89028509,Tumor,BT_S4,Immune
-4.335419,26.25505009,Tumor,BT_S4,Immune
26.6620011,42.45634791,Tumor,BT_S4,Immune
-19.70589821,-1.689290266,Tumor,BT_S4,Immune
-11.2868677,-7.266184447,Tumor,BT_S4,Immune
-3.447313683,-8.585369131,Tumor,BT_S4,Immune
-2.169315824,30.85158345,Tumor,BT_S4,Immune
-23.95623973,2.940631034,Tumor,BT_S4,Immune
-23.18670552,6.742102408,Tumor,BT_S4,Immune
-25.06767877,-2.055498402,Tumor,BT_S4,Immune
-1.604644359,27.49325719,Tumor,BT_S4,Immune
-24.61104889,0.45825103,Tumor,BT_S4,Immune
-15.03243626,12.48153076,Tumor,BT_S4,Immune
-9.598756898,32.01710584,Tumor,BT_S4,Immune
-24.11540265,5.03519746,Tumor,BT_S4,Immune
-28.16855866,-0.899771431,Tumor,BT_S4,Immune
2.609172942,25.39973545,Tumor,BT_S4,Immune
-19.02842877,1.663433411,Tumor,BT_S4,Immune
-2.639434186,-5.79240316,Tumor,BT_S4,Immune
-9.121701409,13.65144236,Tumor,BT_S4,Immune
-23.76936467,20.57822842,Tumor,BT_S4,Immune
14.10070679,28.94457736,Tumor,BT_S4,Immune
-10.81741804,-7.410317411,Tumor,BT_S4,Immune
-28.40679391,-1.026080548,Tumor,BT_S4,Immune
-24.55234951,21.02677914,Tumor,BT_S4,Immune
-17.83833662,5.401771245,Tumor,BT_S4,Immune
-10.83451983,36.49547044,Tumor,BT_S4,Immune
13.9678685,41.38366489,Tumor,BT_S4,Immune
-0.170872762,30.05315069,Tumor,BT_S4,Immune
-25.33045749,15.13049598,Tumor,BT_S4,Immune
-23.18330842,-0.73622892,Tumor,BT_S4,Immune
-7.532083061,13.38521848,Tumor,BT_S4,Immune
19.53571075,10.80468371,Tumor,BT_S4,Immune
-26.24880424,10.19596816,Tumor,BT_S4,Immune
-4.497621522,24.90792561,Tumor,BT_S4,Immune
-5.373475298,36.44036491,Tumor,BT_S4,Immune
-23.45830607,1.793534892,Tumor,BT_S4,Immune
-6.018527803,35.69463801,Tumor,BT_S4,Immune
-5.218238338,-9.934269332,Tumor,BT_S4,Immune
-15.68520835,-8.86025318,Tumor,BT_S4,Immune
-1.185370057,35.88988753,Tumor,BT_S4,Immune
-17.96731725,5.262566231,Tumor,BT_S4,Immune
-2.592031524,28.91003057,Tumor,BT_S4,Immune
-20.61179933,3.642350443,Tumor,BT_S4,Immune
18.87483864,6.413415497,Tumor,BT_S4,Immune
1.886960104,25.74892788,Tumor,BT_S4,Immune
-21.59827448,6.677549175,Tumor,BT_S4,Immune
-25.87638414,14.07226222,Tumor,BT_S4,Immune
-6.88175627,31.28717591,Tumor,BT_S4,Immune
-15.60444366,2.221747254,Tumor,BT_S4,Immune
-21.86033146,6.006462218,Tumor,BT_S4,Immune
0.548680531,32.51698804,Tumor,BT_S4,Immune
-0.953043626,36.47737944,Tumor,BT_S4,Immune
0.770397506,31.22287469,Tumor,BT_S4,Immune
-17.46890524,6.514171149,Tumor,BT_S4,Immune
-8.227021685,29.21563641,Tumor,BT_S4,Immune
-5.530089936,11.35424451,Tumor,BT_S4,Immune
-20.77836918,2.699730349,Tumor,BT_S4,Immune
0.492814062,34.28540692,Tumor,BT_S4,Immune
-11.24922826,-7.277226812,Tumor,BT_S4,Immune
-17.78551731,-3.412174717,Tumor,BT_S4,Immune
-23.77536416,2.584649608,Tumor,BT_S4,Immune
-2.039840532,11.49078651,Tumor,BT_S4,Immune
-11.05983761,-3.734030786,Tumor,BT_S4,Immune
0.597943193,36.60196399,Tumor,BT_S4,Immune
-2.639603462,32.75454113,Tumor,BT_S4,Immune
15.53109486,3.808352331,Tumor,BT_S4,Immune
10.29077633,33.02600536,Tumor,BT_S4,Immune
-24.57248758,18.80344232,Tumor,BT_S4,Immune
-2.92503313,34.44788702,Tumor,BT_S4,Immune
-22.82735265,-0.908428298,Tumor,BT_S4,Immune
-12.17698154,-2.993036661,Tumor,BT_S4,Immune
-19.98471563,-7.916763566,Tumor,BT_S4,Immune
-27.6486815,6.90953784,Tumor,BT_S4,Immune
-7.656753098,34.38100988,Tumor,BT_S4,Immune
10.0074176,15.37006908,Tumor,BT_S4,Immune
-2.608650913,28.73820549,Tumor,BT_S4,Immune
-27.49967132,13.38277553,Tumor,BT_S4,Immune
6.272651209,30.67475412,Tumor,BT_S4,Immune
3.288968858,30.67208437,Tumor,BT_S4,Immune
-9.752250503,12.35676363,Tumor,BT_S4,Immune
-6.856126955,1.888841218,Tumor,BT_S4,Immune
2.655942148,38.38818766,Tumor,BT_S4,Immune
-1.41844393,25.57488858,Tumor,BT_S4,Immune
10.54363321,38.8445617,Tumor,BT_S4,Immune
13.88839169,6.844336628,Tumor,BT_S4,Immune
14.84116737,26.33726074,Tumor,BT_S4,Immune
-17.82210716,3.22228696,Tumor,BT_S4,Immune
-6.490003901,6.558689056,Tumor,BT_S4,Immune
-4.407977203,-5.473948022,Tumor,BT_S4,Immune
-3.036463285,33.48977164,Tumor,BT_S4,Immune
-3.352689102,24.50878539,Tumor,BT_S4,Immune
10.4164331,14.09717931,Tumor,BT_S4,Immune
10.50341903,13.53085882,Tumor,BT_S4,Immune
-7.357853496,12.24015867,Tumor,BT_S4,Immune
13.47071604,29.78118391,Tumor,BT_S4,Immune
-16.63337021,22.47898072,Tumor,BT_S4,Immune
19.40429751,9.097953676,Tumor,BT_S4,Immune
-0.528824948,28.72229407,Tumor,BT_S4,Immune
-22.14137601,10.22635301,Tumor,BT_S4,Immune
-3.30115731,24.24492306,Tumor,BT_S4,Immune
-27.27056584,11.79276091,Tumor,BT_S4,Immune
-1.967086478,22.54158163,Tumor,BT_S4,Immune
-26.95231407,15.67461912,Tumor,BT_S4,Immune
-18.64163301,7.91928323,Tumor,BT_S4,Immune
21.85869187,42.21849348,Tumor,BT_S4,Immune
-2.346445059,32.47367554,Tumor,BT_S4,Immune
-23.98574629,-1.853722485,Tumor,BT_S4,Immune
13.07693754,3.834893157,Tumor,BT_S4,Immune
-3.000973133,36.3314687,Tumor,BT_S4,Immune
7.770713337,33.22445041,Tumor,BT_S4,Immune
-24.11869086,5.257271834,Tumor,BT_S4,Immune
4.711631086,28.74277116,Tumor,BT_S4,Immune
-22.5888981,7.649924733,Tumor,BT_S4,Immune
-3.913224743,38.67698171,Tumor,BT_S4,Immune
-24.99354974,3.167845031,Tumor,BT_S4,Immune
3.573521221,30.03928794,Tumor,BT_S4,Immune
13.04650948,30.98228169,Tumor,BT_S4,Immune
16.96547233,14.59434736,Tumor,BT_S4,Immune
-23.43414834,4.050815288,Tumor,BT_S4,Immune
9.059354375,25.34578336,Tumor,BT_S4,Immune
18.46952125,7.872692735,Tumor,BT_S4,Immune
19.70194157,7.359945834,Tumor,BT_S4,Immune
-27.00851443,6.16751674,Tumor,BT_S4,Immune
-4.524484658,27.92888326,Tumor,BT_S4,Immune
-16.11252925,17.64634511,Tumor,BT_S4,Immune
2.137418316,40.32617636,Tumor,BT_S4,Immune
-0.85884296,25.1958953,Tumor,BT_S4,Immune
-4.516467456,10.60609474,Tumor,BT_S4,Immune
-3.762338175,28.872205,Tumor,BT_S4,Immune
-1.42810745,30.98915758,Tumor,BT_S4,Immune
-12.96438688,-12.10604732,Tumor,BT_S4,Immune
1.010087619,32.15981268,Tumor,BT_S4,Immune
-2.996132707,28.04344158,Tumor,BT_S4,Immune
-26.86110421,20.40512835,Tumor,BT_S4,Immune
-6.504957517,6.344741602,Tumor,BT_S4,Immune
4.098998205,35.32781514,Tumor,BT_S4,Immune
-13.76032007,-2.97391349,Tumor,BT_S4,Immune
-27.90881684,12.68805847,Tumor,BT_S4,Immune
-28.28152463,12.8411279,Tumor,BT_S4,Immune
-18.74119998,1.867922549,Tumor,BT_S4,Immune
-11.27612652,1.403447544,Tumor,BT_S4,Immune
-12.66926737,15.85754301,Tumor,BT_S4,Immune
-23.45182316,3.18131776,Tumor,BT_S4,Immune
-8.976155153,-2.217101658,Tumor,BT_S4,Immune
-4.383770494,35.42654828,Tumor,BT_S4,Immune
-2.391587023,36.75012408,Tumor,BT_S4,Immune
-26.4972125,3.437287373,Tumor,BT_S4,Immune
-23.04315084,-1.266602282,Tumor,BT_S4,Immune
-2.760377822,26.39822776,Tumor,BT_S4,Immune
4.914918552,28.73748679,Tumor,BT_S4,Immune
-4.36522567,-6.400301289,Tumor,BT_S4,Immune
-23.80900627,1.130169509,Tumor,BT_S4,Immune
-7.884247387,30.92041104,Tumor,BT_S4,Immune
-20.44494915,6.504329267,Tumor,BT_S4,Immune
-11.01010984,-1.593115261,Tumor,BT_S4,Immune
-22.46972159,11.27337438,Tumor,BT_S4,Immune
-22.67993258,1.754903981,Tumor,BT_S4,Immune
-19.34053992,12.36376788,Tumor,BT_S4,Immune
-22.34522504,5.283059763,Tumor,BT_S4,Immune
-3.703724177,21.72684299,Tumor,BT_S4,Immune
23.51945713,9.745442314,Tumor,BT_S4,Immune
-25.75700633,2.074219842,Tumor,BT_S4,Immune
-5.726962255,35.68759697,Tumor,BT_S4,Immune
-3.480485485,26.48747968,Tumor,BT_S4,Immune
-18.87653463,7.485310619,Tumor,BT_S4,Immune
-10.72017437,-2.883600436,Tumor,BT_S4,Immune
-17.17850618,17.01443183,Tumor,BT_S4,Immune
-29.11362484,11.34812361,Tumor,BT_S4,Immune
-5.232937016,26.8748032,Tumor,BT_S4,Immune
-12.61489514,-2.337656778,Tumor,BT_S4,Immune
-12.83996631,0.285730555,Tumor,BT_S4,Immune
-27.0879217,16.61587152,Tumor,BT_S4,Immune
-25.97565256,12.4944196,Tumor,BT_S4,Immune
-24.83970531,17.35743045,Tumor,BT_S4,Immune
-23.33036176,11.78160216,Tumor,BT_S4,Immune
13.82240466,6.700121995,Tumor,BT_S4,Immune
-26.60274102,8.609804263,Tumor,BT_S4,Immune
-27.60200034,12.45050815,Tumor,BT_S4,Immune
-2.407355259,26.39329736,Tumor,BT_S4,Immune
-0.253036847,30.79463207,Tumor,BT_S4,Immune
-24.31037977,1.841115093,Tumor,BT_S4,Immune
-10.1216706,23.06440443,Tumor,BT_S4,Immune
6.648919078,25.82318004,Tumor,BT_S4,Immune
-16.62978612,5.740473045,Tumor,BT_S4,Immune
-12.87208385,26.39988259,Tumor,BT_S4,Immune
-16.09511491,17.18058278,Tumor,BT_S4,Immune
1.711258107,30.23832197,Tumor,BT_S4,Immune
-6.934114925,31.13044201,Tumor,BT_S4,Immune
-9.537107222,6.543028868,Tumor,BT_S4,Immune
-26.90068585,12.90040205,Tumor,BT_S4,Immune
-3.281563287,26.54991854,Tumor,BT_S4,Immune
-2.905565093,20.77597549,Tumor,BT_S4,Immune
-24.63349893,11.79518935,Tumor,BT_S4,Immune
-25.7426497,7.552678057,Tumor,BT_S4,Immune
-1.258449031,21.31669571,Tumor,BT_S4,Immune
-26.47425138,13.81941643,Tumor,BT_S4,Immune
-0.823381109,38.72136586,Tumor,BT_S4,Immune
-4.312098497,23.2918004,Tumor,BT_S4,Immune
15.10839511,5.474952516,Tumor,BT_S4,Immune
-17.99918754,5.167448082,Tumor,BT_S4,Immune
13.53450378,5.129828466,Tumor,BT_S4,Immune
-27.2702994,5.441442097,Tumor,BT_S4,Immune
3.583797031,40.24052282,Tumor,BT_S4,Immune
-18.38893439,0.832698645,Tumor,BT_S4,Immune
-29.13430891,15.08747476,Tumor,BT_S4,Immune
-2.407601814,6.18933714,Tumor,BT_S4,Immune
-12.32231929,-1.385621989,Tumor,BT_S4,Immune
-16.69957434,2.588452698,Tumor,BT_S4,Immune
6.040759748,30.84381873,Tumor,BT_S4,Immune
14.15630483,35.96629509,Tumor,BT_S4,Immune
-8.929004557,6.989544398,Tumor,BT_S4,Immune
-24.12254783,11.64357276,Tumor,BT_S4,Immune
8.08087702,32.29695121,Tumor,BT_S4,Immune
-18.37322495,2.242170985,Tumor,BT_S4,Immune
-17.24543006,1.396273483,Tumor,BT_S4,Immune
-16.55087259,21.55013113,Tumor,BT_S4,Immune
-20.51599488,-0.437755658,Tumor,BT_S4,Immune
19.32399333,8.85173522,Tumor,BT_S4,Immune
-9.194548674,-10.2555485,Tumor,BT_S4,Immune
-7.370836592,12.22292624,Tumor,BT_S4,Immune
-13.02217395,13.82424756,Tumor,BT_S4,Immune
-25.46845834,5.389857398,Tumor,BT_S4,Immune
-3.730684364,30.63783331,Tumor,BT_S4,Immune
-5.633988326,7.148962595,Tumor,BT_S4,Immune
19.54757066,9.391349345,Tumor,BT_S4,Immune
-23.09478229,5.680860282,Tumor,BT_S4,Immune
-22.30625498,6.614702791,Tumor,BT_S4,Immune
-19.82512818,2.540360419,Tumor,BT_S4,Immune
-23.94746674,8.641032175,Tumor,BT_S4,Immune
-22.45347558,3.625762946,Tumor,BT_S4,Immune
17.87508938,4.529138749,Tumor,BT_S4,Immune
5.179964408,28.31615074,Tumor,BT_S4,Immune
-26.87524259,10.4903184,Tumor,BT_S4,Immune
9.89340661,30.60441797,Tumor,BT_S4,Immune
-5.807026809,8.313339626,Tumor,BT_S4,Immune
-8.257339099,10.80482627,Tumor,BT_S4,Immune
-9.239627433,6.852867646,Tumor,BT_S4,Immune
4.392749747,30.83391129,Tumor,BT_S4,Immune
-4.887392569,38.07808977,Tumor,BT_S4,Immune
-7.342199018,30.00390561,Tumor,BT_S4,Immune
5.069021327,33.33872929,Tumor,BT_S4,Immune
1.007079029,29.93018788,Tumor,BT_S4,Immune
-1.851401156,26.74252267,Tumor,BT_S4,Immune
-16.79816334,4.173299479,Tumor,BT_S4,Immune
-0.945857909,32.44573927,Tumor,BT_S4,Immune
-22.66687142,4.629627443,Tumor,BT_S4,Immune
7.324471923,33.25483607,Tumor,BT_S4,Immune
0.84406633,34.76380496,Tumor,BT_S4,Immune
-27.27688033,13.95621951,Tumor,BT_S4,Immune
10.89919733,13.2774387,Periphery,BT_S4,Immune
23.35752727,30.17546377,Periphery,BT_S4,Immune
7.168610817,9.26772884,Periphery,BT_S4,Immune
32.54756443,41.1660215,Periphery,BT_S4,Immune
26.71518803,28.25610977,Periphery,BT_S4,Immune
41.04271834,42.46756171,Periphery,BT_S4,Immune
31.53040153,30.828371,Periphery,BT_S4,Immune
19.02409894,24.19726892,Periphery,BT_S4,Immune
33.99781998,27.29555291,Periphery,BT_S4,Immune
32.06735921,37.35753326,Periphery,BT_S4,Immune
25.08296258,27.57808828,Periphery,BT_S4,Immune
39.06007202,22.38355186,Periphery,BT_S4,Immune
27.75026527,34.28371545,Periphery,BT_S4,Immune
22.54483595,30.12303134,Periphery,BT_S4,Immune
17.06776698,14.97749216,Periphery,BT_S4,Immune
35.39596189,42.53449773,Periphery,BT_S4,Immune
25.57497505,13.03247063,Periphery,BT_S4,Immune
5.150027858,1.418213196,Periphery,BT_S4,Immune
31.42947076,37.66042791,Periphery,BT_S4,Immune
31.35023691,44.32400723,Periphery,BT_S4,Immune
41.98731167,24.22290896,Periphery,BT_S4,Immune
30.09870546,22.41450885,Periphery,BT_S4,Immune
5.958110943,6.563204574,Periphery,BT_S4,Immune
23.30702102,23.37498136,Periphery,BT_S4,Immune
31.04086943,32.14623237,Periphery,BT_S4,Immune
35.43168916,19.03160637,Periphery,BT_S4,Immune
33.87909144,35.87120171,Periphery,BT_S4,Immune
34.06993603,46.29875371,Periphery,BT_S4,Immune
35.33895495,29.09757084,Periphery,BT_S4,Immune
41.31594176,26.86488378,Periphery,BT_S4,Immune
1.629399054,1.901123125,Periphery,BT_S4,Immune
-0.637329528,14.40223346,Periphery,BT_S4,Immune
28.37822235,32.45487828,Periphery,BT_S4,Immune
24.22890307,6.295669817,Periphery,BT_S4,Immune
0.89130601,11.70197301,Periphery,BT_S4,Immune
42.21272552,28.81742357,Periphery,BT_S4,Immune
31.0705276,33.85794346,Periphery,BT_S4,Immune
31.28949412,31.72829345,Periphery,BT_S4,Immune
37.10104234,29.69540327,Periphery,BT_S4,Immune
21.501119,8.670304764,Periphery,BT_S4,Immune
24.92772428,29.97899325,Periphery,BT_S4,Immune
36.2994169,17.01736,Periphery,BT_S4,Immune
20.95622993,27.46374616,Periphery,BT_S4,Immune
25.974314,29.29424999,Periphery,BT_S4,Immune
38.67291202,29.59220407,Periphery,BT_S4,Immune
34.78713403,25.76226765,Periphery,BT_S4,Immune
23.29865789,23.91106935,Periphery,BT_S4,Immune
14.01180545,24.90285713,Periphery,BT_S4,Immune
36.24194595,28.39505082,Periphery,BT_S4,Immune
1.593861933,11.0920849,Periphery,BT_S4,Immune
8.03977619,3.96401881,Periphery,BT_S4,Immune
23.63565831,31.82662197,Periphery,BT_S4,Immune
37.89894887,29.42566821,Periphery,BT_S4,Immune
42.68397825,29.7460835,Periphery,BT_S4,Immune
26.23132105,8.510127314,Periphery,BT_S4,Immune
35.29350683,36.0519769,Periphery,BT_S4,Immune
24.20703537,27.24712909,Periphery,BT_S4,Immune
31.4633382,40.82962096,Periphery,BT_S4,Immune
0.89797633,-3.974404051,Periphery,BT_S4,Immune
4.799440268,1.165437443,Periphery,BT_S4,Immune
22.48085259,28.02102497,Periphery,BT_S4,Immune
5.967945203,6.512289964,Periphery,BT_S4,Immune
40.6092804,39.58434226,Periphery,BT_S4,Immune
26.52191257,32.05398801,Periphery,BT_S4,Immune
32.53572902,34.37659231,Periphery,BT_S4,Immune
22.32997471,29.35654064,Periphery,BT_S4,Immune
31.69859451,35.05861798,Periphery,BT_S4,Immune
34.36772529,41.23522627,Periphery,BT_S4,Immune
8.092877725,2.780470119,Periphery,BT_S4,Immune
4.291380977,-0.287985545,Periphery,BT_S4,Immune
9.951999385,23.55709081,Periphery,BT_S4,Immune
34.91747261,37.80097511,Periphery,BT_S4,Immune
35.34588962,28.84617742,Periphery,BT_S4,Immune
44.72572116,26.40366852,Periphery,BT_S4,Immune
41.11898562,21.99688747,Periphery,BT_S4,Immune
35.19959933,44.46135246,Periphery,BT_S4,Immune
35.5881488,31.29381775,Periphery,BT_S4,Immune
27.95218502,9.355260245,Periphery,BT_S4,Immune
4.33293987,12.91451448,Periphery,BT_S4,Immune
0.958472769,-1.395403015,Periphery,BT_S4,Immune
3.919419024,14.67564195,Periphery,BT_S4,Immune
4.375663132,25.05294836,Periphery,BT_S4,Immune
5.590870609,12.39176587,Periphery,BT_S4,Immune
27.10096601,43.56976318,Periphery,BT_S4,Immune
27.10994358,14.4629125,Periphery,BT_S4,Immune
4.675108496,1.195783205,Periphery,BT_S4,Immune
19.10592067,26.85887858,Periphery,BT_S4,Immune
31.06947209,34.15477735,Periphery,BT_S4,Immune
23.82633916,11.30444626,Periphery,BT_S4,Immune
35.8958625,35.00793849,Periphery,BT_S4,Immune
27.2567498,27.93429442,Periphery,BT_S4,Immune
31.95199589,31.35027496,Periphery,BT_S4,Immune
16.57464916,29.1713449,Periphery,BT_S4,Immune
27.9608486,29.78245571,Periphery,BT_S4,Immune
4.320627956,-1.919553848,Periphery,BT_S4,Immune
22.62969312,19.99845261,Periphery,BT_S4,Immune
16.6169702,29.1406827,Periphery,BT_S4,Immune
38.25091817,19.76151721,Periphery,BT_S4,Immune
22.34146536,27.94687432,Periphery,BT_S4,Immune
28.7676075,22.82441914,Periphery,BT_S4,Immune
28.03758568,27.04140438,Periphery,BT_S4,Immune
4.343786823,12.22471599,Periphery,BT_S4,Immune
1.135259788,15.03223036,Periphery,BT_S4,Immune
5.509125753,11.52765486,Periphery,BT_S4,Immune
25.94200578,11.32587952,Periphery,BT_S4,Immune
12.7134665,3.705880631,Periphery,BT_S4,Immune
4.370515832,0.182055558,Periphery,BT_S4,Immune
36.63284746,23.66416045,Periphery,BT_S4,Immune
25.43165559,34.21965528,Periphery,BT_S4,Immune
0.757002097,12.15362201,Periphery,BT_S4,Immune
20.34751615,22.46212074,Periphery,BT_S4,Immune
43.04598841,21.27292997,Periphery,BT_S4,Immune
2.636402639,18.57998572,Periphery,BT_S4,Immune
45.31197084,27.13368263,Periphery,BT_S4,Immune
22.26045038,10.47314252,Periphery,BT_S4,Immune
37.29950935,33.54149942,Periphery,BT_S4,Immune
4.330516013,13.01667502,Periphery,BT_S4,Immune
41.36168212,26.95748276,Periphery,BT_S4,Immune
6.13874883,15.55208167,Periphery,BT_S4,Immune
29.39195903,19.88033805,Periphery,BT_S4,Immune
8.14338222,3.291312651,Periphery,BT_S4,Immune
32.03193803,36.34518071,Periphery,BT_S4,Immune
29.68399385,27.12136009,Periphery,BT_S4,Immune
-6.616943882,11.47506406,Periphery,BT_S4,Immune
32.14531905,42.26524392,Periphery,BT_S4,Immune
29.87546883,33.03258253,Periphery,BT_S4,Immune
33.51169288,37.34699546,Periphery,BT_S4,Immune
30.80392983,39.1556462,Periphery,BT_S4,Immune
24.3676478,25.35812252,Periphery,BT_S4,Immune
40.86861291,24.20258663,Periphery,BT_S4,Immune
37.3198168,31.1648383,Periphery,BT_S4,Immune
31.30289477,34.8473412,Periphery,BT_S4,Immune
28.45188605,24.30916171,Periphery,BT_S4,Immune
2.234025857,-2.569127508,Periphery,BT_S4,Immune
25.9777187,31.74815521,Periphery,BT_S4,Immune
30.38160159,38.53874228,Periphery,BT_S4,Immune
14.3031401,13.4215528,Periphery,BT_S4,Immune
-4.754805247,9.21255846,Periphery,BT_S4,Immune
24.00400839,6.830708976,Periphery,BT_S4,Immune
24.60850785,12.90956404,Periphery,BT_S4,Immune
24.57484632,48.94523349,Periphery,BT_S4,Immune
29.00128908,48.95499562,Periphery,BT_S4,Immune
8.976164234,16.06977026,Periphery,BT_S4,Immune
41.49588846,28.7334663,Periphery,BT_S4,Immune
31.35139373,39.34204519,Periphery,BT_S4,Immune
31.71482385,42.98205979,Periphery,BT_S4,Immune
14.39378237,19.48346925,Periphery,BT_S4,Immune
-2.012378801,3.513984242,Periphery,BT_S4,Immune
45.38806312,27.19039832,Periphery,BT_S4,Immune
17.75841038,10.18206226,Periphery,BT_S4,Immune
5.611343263,11.76607066,Periphery,BT_S4,Immune
35.13866669,40.41986983,Periphery,BT_S4,Immune
2.998257761,27.27071053,Periphery,BT_S4,Immune
31.19724605,33.96761346,Periphery,BT_S4,Immune
30.66127138,35.68881102,Periphery,BT_S4,Immune
28.02359779,26.36480323,Periphery,BT_S4,Immune
43.5529289,31.63606957,Periphery,BT_S4,Immune
5.188421044,11.11072741,Periphery,BT_S4,Immune
28.13508467,39.63445349,Periphery,BT_S4,Immune
43.0510904,21.20756285,Periphery,BT_S4,Immune
38.49539268,18.99929071,Periphery,BT_S4,Immune
6.611459707,11.24713766,Periphery,BT_S4,Immune
35.29990299,26.78638904,Periphery,BT_S4,Immune
43.6776206,32.22140176,Periphery,BT_S4,Immune
35.6691638,36.59448606,Periphery,BT_S4,Immune
39.93370455,30.03232832,Periphery,BT_S4,Immune
2.758840857,27.21538694,Periphery,BT_S4,Immune
4.804724242,-1.869132576,Periphery,BT_S4,Immune
22.75596032,30.10760297,Periphery,BT_S4,Immune
1.202427336,10.88010308,Periphery,BT_S4,Immune
7.483081305,12.77008086,Periphery,BT_S4,Immune
35.73730235,26.4064777,Periphery,BT_S4,Immune
40.58858804,39.23552595,Periphery,BT_S4,Immune
-2.125490353,6.511764183,Periphery,BT_S4,Immune
30.25525945,35.69565768,Periphery,BT_S4,Immune
2.550847927,11.52935606,Periphery,BT_S4,Immune
39.28925339,28.58287956,Periphery,BT_S4,Immune
37.23705694,31.15695656,Periphery,BT_S4,Immune
4.583014633,-1.928491865,Periphery,BT_S4,Immune
31.15981244,38.177189,Periphery,BT_S4,Immune
43.13437111,21.10877688,Periphery,BT_S4,Immune
29.02618706,48.95212066,Periphery,BT_S4,Immune
37.32937382,27.02802852,Periphery,BT_S4,Immune
37.91539293,27.99537757,Periphery,BT_S4,Immune
35.48067706,25.08129203,Periphery,BT_S4,Immune
-0.464836032,14.48177625,Periphery,BT_S4,Immune
4.055922751,-0.632209259,Periphery,BT_S4,Immune
-2.358367249,0.515416248,Periphery,BT_S4,Immune
37.42758127,32.11197948,Periphery,BT_S4,Immune
22.69550011,10.24197687,Periphery,BT_S4,Immune
-5.808692872,15.61822974,Periphery,BT_S4,Immune
1.990949114,2.423414632,Periphery,BT_S4,Immune
34.19933481,27.22238915,Periphery,BT_S4,Immune
4.777151331,17.68340397,Periphery,BT_S4,Immune
8.029645592,14.65793185,Periphery,BT_S4,Immune
31.35369403,40.83679246,Periphery,BT_S4,Immune
25.52840017,9.209550455,Periphery,BT_S4,Immune
34.23120573,27.29733067,Periphery,BT_S4,Immune
45.20524933,30.54130728,Periphery,BT_S4,Immune
30.10848703,26.09708505,Periphery,BT_S4,Immune
27.36359353,16.24719128,Periphery,BT_S4,Immune
37.70213823,30.88838177,Periphery,BT_S4,Immune
20.83322301,14.59018631,Periphery,BT_S4,Immune
0.592770807,21.14152936,Periphery,BT_S4,Immune
1.545079896,1.678221183,Periphery,BT_S4,Immune
27.86844273,36.62596291,Periphery,BT_S4,Immune
22.43543009,26.27909349,Periphery,BT_S4,Immune
31.53379042,25.52104635,Periphery,BT_S4,Immune
17.51146377,14.19260883,Periphery,BT_S4,Immune
2.132840162,17.61323838,Periphery,BT_S4,Immune
41.00561321,31.22180571,Periphery,BT_S4,Immune
29.56530421,34.62508061,Periphery,BT_S4,Immune
30.73883322,28.79699571,Periphery,BT_S4,Immune
25.07100458,26.40190054,Periphery,BT_S4,Immune
23.3162936,22.596461,Periphery,BT_S4,Immune
33.6799866,14.92045772,Periphery,BT_S4,Immune
22.13967345,4.2609654,Periphery,BT_S4,Immune
37.22875633,27.44114535,Periphery,BT_S4,Immune
27.78673483,29.55520497,Periphery,BT_S4,Immune
29.2377443,37.79053017,Periphery,BT_S4,Immune
35.25555938,19.36364332,Periphery,BT_S4,Immune
-9.981142896,6.442399665,Periphery,BT_S4,Immune
28.65996107,32.09642722,Periphery,BT_S4,Immune
-5.435097431,12.77262382,Periphery,BT_S4,Immune
1.583114644,0.895820096,Periphery,BT_S4,Immune
39.63991969,31.75916395,Periphery,BT_S4,Immune
26.59024473,22.00207481,Periphery,BT_S4,Immune
27.21568117,11.64971657,Periphery,BT_S4,Immune
39.15447261,23.40288393,Periphery,BT_S4,Immune
26.40342581,11.43465615,Periphery,BT_S4,Immune
33.79452846,37.61496122,Periphery,BT_S4,Immune
32.02565434,35.40535387,Periphery,BT_S4,Immune
-3.102501364,18.57160478,Periphery,BT_S4,Immune
22.38600832,19.76287695,Periphery,BT_S4,Immune
-1.346889888,7.061234429,Periphery,BT_S4,Immune
34.22438674,41.25357027,Periphery,BT_S4,Immune
14.64344118,21.47173331,Periphery,BT_S4,Immune
-1.127750757,13.36638849,Periphery,BT_S4,Immune
20.4240802,22.38983813,Periphery,BT_S4,Immune
-8.71819045,12.71013394,Periphery,BT_S4,Immune
33.84006006,40.33027003,Periphery,BT_S4,Immune
24.51749296,29.78261947,Periphery,BT_S4,Immune
27.18634045,10.49072986,Periphery,BT_S4,Immune
-7.737847324,20.05850961,Tumor,BT_S4,Immune
-10.66518629,26.40431809,Tumor,BT_S4,Immune
18.46259046,5.574586894,Tumor,BT_S4,Immune
-5.132796823,-8.285558331,Tumor,BT_S4,Immune
5.276294899,33.33691367,Tumor,BT_S4,Immune
-7.446419979,-2.058603176,Tumor,BT_S4,Immune
-2.422869044,-5.573412231,Tumor,BT_S4,Immune
-8.316326438,-3.903663631,Tumor,BT_S4,Immune
9.128961751,33.11971246,Tumor,BT_S4,Immune
-1.712473702,-6.207479462,Tumor,BT_S4,Immune
-11.87653266,15.05196172,Tumor,BT_S4,Immune
-19.4770282,3.736713932,Tumor,BT_S4,Immune
1.836019936,32.75252381,Tumor,BT_S4,Immune
3.986221808,-5.013066962,Tumor,BT_S4,Immune
-6.936342479,-8.275180594,Tumor,BT_S4,Immune
1.905628027,23.37740655,Tumor,BT_S4,Immune
0.589434881,4.413186447,Tumor,BT_S4,Immune
15.67465422,30.40554313,Tumor,BT_S4,Immune
17.81445715,11.03719249,Tumor,BT_S4,Immune
-8.145138987,22.35813385,Tumor,BT_S4,Immune
20.99242775,10.18496121,Tumor,BT_S4,Immune
-16.9403143,23.54356366,Tumor,BT_S4,Immune
14.98151023,39.31801697,Tumor,BT_S4,Immune
-19.72693644,-4.45587731,Tumor,BT_S4,Immune
17.89621722,4.528717227,Tumor,BT_S4,Immune
-27.15127777,9.686950521,Tumor,BT_S4,Immune
-5.788634068,-3.19811263,Tumor,BT_S4,Immune
14.11455647,4.621111505,Tumor,BT_S4,Immune
-11.37988031,-11.4221658,Tumor,BT_S4,Immune
-21.48636885,18.16816782,Tumor,BT_S4,Immune
0.615507825,41.06678572,Tumor,BT_S4,Immune
-25.19640887,2.574005886,Tumor,BT_S4,Immune
8.666041012,23.18370712,Tumor,BT_S4,Immune
-26.10797944,1.2219601,Tumor,BT_S4,Immune
-11.86705628,-10.70509449,Tumor,BT_S4,Immune
-25.46451579,10.43599693,Tumor,BT_S4,Immune
-22.21358108,-1.027869043,Tumor,BT_S4,Immune
-15.81837068,-6.77610124,Tumor,BT_S4,Immune
-13.16942024,-7.720059266,Tumor,BT_S4,Immune
-9.34123536,-6.349416686,Tumor,BT_S4,Immune
-0.356088521,32.98122219,Tumor,BT_S4,Immune
-14.30288763,13.03239746,Tumor,BT_S4,Immune
18.21350206,13.21466384,Tumor,BT_S4,Immune
-5.86063353,20.78525196,Tumor,BT_S4,Immune
-26.46364975,12.90153677,Tumor,BT_S4,Immune
-6.57656317,24.92610603,Tumor,BT_S4,Immune
-15.003949,6.004707621,Tumor,BT_S4,Immune
-5.77243536,-3.002599804,Tumor,BT_S4,Immune
14.11495058,4.376039968,Tumor,BT_S4,Immune
-23.93485359,12.43432708,Tumor,BT_S4,Immune
-22.00311667,3.273917037,Tumor,BT_S4,Immune
-26.26300524,12.47701998,Tumor,BT_S4,Immune
1.944430069,22.28804328,Tumor,BT_S4,Immune
-21.66702936,1.602228879,Tumor,BT_S4,Immune
-22.00783819,1.221677125,Tumor,BT_S4,Immune
0.110945121,27.27047539,Tumor,BT_S4,Immune
-10.37706376,36.04393118,Tumor,BT_S4,Immune
14.11097973,8.921787821,Tumor,BT_S4,Immune
14.17339199,6.307427103,Tumor,BT_S4,Immune
-3.871509255,20.67243979,Tumor,BT_S4,Immune
-6.34330432,-8.2582611,Tumor,BT_S4,Immune
-11.40791047,17.68866794,Tumor,BT_S4,Immune
-11.2075807,32.61231258,Tumor,BT_S4,Immune
-17.8473345,-2.498890213,Tumor,BT_S4,Immune
17.19992626,8.71010627,Tumor,BT_S4,Immune
-3.192624571,35.1928818,Tumor,BT_S4,Immune
14.10169235,37.8672008,Tumor,BT_S4,Immune
-19.68114649,-0.992411168,Tumor,BT_S4,Immune
11.71479287,27.61711799,Tumor,BT_S4,Immune
-6.132356917,8.958137997,Tumor,BT_S4,Immune
-0.876854393,-8.465412937,Tumor,BT_S4,Immune
-7.014661894,-4.552802118,Tumor,BT_S4,Immune
-25.70272595,12.1498501,Tumor,BT_S4,Immune
13.07808069,31.54182923,Tumor,BT_S4,Immune
-2.782508684,-7.575839191,Tumor,BT_S4,Immune
-2.629098737,41.11687255,Tumor,BT_S4,Immune
-6.588682084,-7.716748179,Tumor,BT_S4,Immune
8.119206817,28.63121123,Tumor,BT_S4,Immune
9.238153319,-2.241494315,Tumor,BT_S4,Immune
-4.778742611,30.94791713,Tumor,BT_S4,Immune
-27.91507335,2.514468543,Tumor,BT_S4,Immune
9.098442314,7.322989967,Tumor,BT_S4,Immune
-10.70776104,-3.593591306,Tumor,BT_S4,Immune
14.44710501,36.23479094,Tumor,BT_S4,Immune
-20.38486247,-9.164959783,Tumor,BT_S4,Immune
-7.907046877,24.57915022,Tumor,BT_S4,Immune
-25.74293065,14.19751531,Tumor,BT_S4,Immune
-9.788961896,-10.51647142,Tumor,BT_S4,Immune
0.796672792,32.9483688,Tumor,BT_S4,Immune
-6.732120704,27.91603934,Tumor,BT_S4,Immune
12.13525911,37.15639882,Tumor,BT_S4,Immune
-4.815893398,-7.252170528,Tumor,BT_S4,Immune
22.90505886,31.329881,Tumor,BT_S4,Immune
-13.60191621,-1.341343205,Tumor,BT_S4,Immune
-6.985434831,7.977597242,Tumor,BT_S4,Immune
-4.882759494,-8.614097504,Tumor,BT_S4,Immune
16.58181836,5.809669748,Tumor,BT_S4,Immune
-9.542126291,33.04050576,Tumor,BT_S4,Immune
-10.46563251,-5.365893251,Tumor,BT_S4,Immune
-4.159121237,-10.21344389,Tumor,BT_S4,Immune
-9.368947535,-4.655423809,Tumor,BT_S4,Immune
-5.761042712,35.72571403,Tumor,BT_S4,Immune
-10.927597,-1.525072337,Tumor,BT_S4,Immune
-17.55018021,18.32417503,Tumor,BT_S4,Immune
13.85281245,33.83408632,Tumor,BT_S4,Immune
-8.039527952,1.50243661,Tumor,BT_S4,Immune
1.831728832,24.19447652,Tumor,BT_S4,Immune
16.64395142,5.423905683,Tumor,BT_S4,Immune
14.76950885,6.148377792,Tumor,BT_S4,Immune
-0.437334799,33.56803432,Tumor,BT_S4,Immune
-0.185122062,22.45044609,Tumor,BT_S4,Immune
-6.097455611,-7.721177263,Tumor,BT_S4,Immune
4.142590049,42.00121738,Tumor,BT_S4,Immune
11.49518093,17.45881592,Tumor,BT_S4,Immune
-20.50246477,6.954972824,Tumor,BT_S4,Immune
14.08458889,27.31656705,Tumor,BT_S4,Immune
-11.45673612,13.13562629,Tumor,BT_S4,Immune
-5.465866834,26.69481506,Tumor,BT_S4,Immune
-7.41170544,30.13217892,Tumor,BT_S4,Immune
-17.04293265,4.307560021,Tumor,BT_S4,Immune
-16.49997759,20.6388597,Tumor,BT_S4,Immune
13.2337216,31.40192037,Tumor,BT_S4,Immune
-12.69388276,-11.7041199,Tumor,BT_S4,Immune
-24.14725343,4.441676467,Tumor,BT_S4,Immune
-23.68018142,15.61913465,Tumor,BT_S4,Immune
21.29589579,8.256314114,Tumor,BT_S4,Immune
-5.157947539,-4.901173012,Tumor,BT_S4,Immune
-23.07536721,-0.045086371,Tumor,BT_S4,Immune
16.32878,6.757301743,Tumor,BT_S4,Immune
8.705031155,33.1963058,Tumor,BT_S4,Immune
-11.55479812,-10.25102261,Tumor,BT_S4,Immune
-12.28461846,6.272521254,Tumor,BT_S4,Immune
12.74272297,6.64075414,Tumor,BT_S4,Immune
-20.35789959,-9.142274911,Tumor,BT_S4,Immune
-19.06551245,3.077405845,Tumor,BT_S4,Immune
3.404159985,5.624075044,Tumor,BT_S4,Immune
0.061304549,25.5364913,Tumor,BT_S4,Immune
-10.68418588,25.35202962,Tumor,BT_S4,Immune
15.62708062,7.618111538,Tumor,BT_S4,Immune
-0.128670278,22.89342285,Tumor,BT_S4,Immune
3.199022492,30.45593711,Tumor,BT_S4,Immune
5.472157715,43.54924065,Tumor,BT_S4,Immune
-6.135510761,19.6132787,Tumor,BT_S4,Immune
-3.51068522,-6.620461276,Tumor,BT_S4,Immune
17.24723149,8.712550585,Tumor,BT_S4,Immune
-12.09905824,7.270502212,Tumor,BT_S4,Immune
15.40285236,6.861187699,Tumor,BT_S4,Immune
-23.08115558,0.065474842,Tumor,BT_S4,Immune
-5.501131352,-8.622441003,Tumor,BT_S4,Immune
-8.567607462,18.45901928,Tumor,BT_S4,Immune
-24.19162082,1.804888877,Tumor,BT_S4,Immune
-1.044842477,38.07461623,Tumor,BT_S4,Immune
-15.24904284,-9.577120206,Tumor,BT_S4,Immune
12.47313553,5.384548846,Tumor,BT_S4,Immune
-4.425045943,32.15128896,Tumor,BT_S4,Immune
9.319842113,36.2539249,Tumor,BT_S4,Immune
-7.259896092,17.38788298,Tumor,BT_S4,Immune
-0.087519442,26.73089253,Tumor,BT_S4,Immune
-5.882885367,33.63100321,Tumor,BT_S4,Immune
6.081662696,30.71949619,Tumor,BT_S4,Immune
9.45387825,31.55154869,Tumor,BT_S4,Immune
-2.237763729,28.48876692,Tumor,BT_S4,Immune
-19.87742725,7.882143918,Tumor,BT_S4,Immune
1.855591181,30.25738837,Tumor,BT_S4,Immune
0.388199109,25.8863934,Tumor,BT_S4,Immune
-20.59319048,-6.377690838,Tumor,BT_S4,Immune
8.113386159,37.46944494,Tumor,BT_S4,Immune
-23.24901127,1.814050664,Tumor,BT_S4,Immune
-19.71174213,23.87038135,Tumor,BT_S4,Immune
-13.22671266,-7.090730768,Tumor,BT_S4,Immune
13.91438864,28.90992251,Tumor,BT_S4,Immune
17.38165724,7.9540589,Tumor,BT_S4,Immune
20.90350198,25.74708734,Periphery,BT_S4,Immune
14.84061805,19.33394871,Periphery,BT_S4,Immune
29.68355464,40.02460299,Periphery,BT_S4,Immune
18.5654031,27.57868254,Periphery,BT_S4,Immune
29.58400293,32.22467839,Periphery,BT_S4,Immune
10.52268303,29.38043383,Tumor,BT_S4,Immune
-15.28186827,-10.03601846,Tumor,BT_S4,Immune
2.748817906,21.12836527,Tumor,BT_S4,Immune
-12.94011446,-2.018934001,Tumor,BT_S4,Immune
-11.7541725,16.25610705,Tumor,BT_S4,Immune
-13.61310365,17.81181802,Tumor,BT_S4,Immune
-4.48974364,-6.294786748,Tumor,BT_S4,Immune
-11.46122792,11.96379021,Tumor,BT_S4,Immune
-29.20579612,17.69465218,Tumor,BT_S4,Immune
10.89209329,34.52294692,Tumor,BT_S4,Immune
-7.379611173,-5.572395908,Tumor,BT_S4,Immune
-11.973006,10.31654316,Tumor,BT_S4,Immune
-8.540686316,-4.333565201,Tumor,BT_S4,Immune
-28.29798676,5.490215933,Tumor,BT_S4,Immune
-22.06008963,-8.509024124,Tumor,BT_S4,Immune
-18.59707267,-0.74467783,Tumor,BT_S4,Immune
-17.68168232,10.48095399,Tumor,BT_S4,Immune
-24.51662433,13.22582075,Tumor,BT_S4,Immune
-20.36370326,7.769690245,Tumor,BT_S4,Immune
-1.872764812,-8.809405122,Tumor,BT_S4,Immune
-11.43062789,4.258571474,Tumor,BT_S4,Immune
-5.857083595,-7.567087239,Tumor,BT_S4,Immune
-8.260916215,-8.395171795,Tumor,BT_S4,Immune
-21.76161707,0.012086171,Tumor,BT_S4,Immune
-26.14911495,-0.062174289,Tumor,BT_S4,Immune
1.965823434,29.50839133,Tumor,BT_S4,Immune
8.077742559,33.01921206,Tumor,BT_S4,Immune
-24.59304556,-1.50848135,Tumor,BT_S4,Immune
-13.4787698,-5.066363042,Tumor,BT_S4,Immune
-15.95904019,-1.726452475,Tumor,BT_S4,Immune
15.68873073,16.84365874,Tumor,BT_S4,Immune
-11.04564106,-9.480048341,Tumor,BT_S4,Immune
-25.76404614,5.756939869,Tumor,BT_S4,Immune
-4.800911185,-7.515917456,Tumor,BT_S4,Immune
-10.74268304,12.47833531,Tumor,BT_S4,Immune
-9.848468651,10.83291881,Tumor,BT_S4,Immune
-7.77937855,32.41550595,Tumor,BT_S4,Immune
-12.96478617,17.24967716,Tumor,BT_S4,Immune
-24.13653033,5.838749365,Tumor,BT_S4,Immune
-9.507754642,-6.688897074,Tumor,BT_S4,Immune
-25.40665834,1.941331643,Tumor,BT_S4,Immune
15.36174992,3.853786259,Tumor,BT_S4,Immune
19.21028033,8.854984318,Tumor,BT_S4,Immune
-16.3656564,-2.878278811,Tumor,BT_S4,Immune
-15.21013073,-9.599374785,Tumor,BT_S4,Immune
-11.43481581,16.35857302,Tumor,BT_S4,Immune
16.30220634,40.00592136,Tumor,BT_S4,Immune
-4.859396744,-8.386535762,Tumor,BT_S4,Immune
-6.809621386,-12.26517634,Tumor,BT_S4,Immune
-7.744331085,-3.268850764,Tumor,BT_S4,Immune
13.53027484,41.0839535,Tumor,BT_S4,Immune
33.35796461,46.82769637,Tumor,BT_S4,Immune
16.15721598,26.99999387,Tumor,BT_S4,Immune
18.01149475,6.919354591,Tumor,BT_S4,Immune
-10.60414149,-5.039761753,Tumor,BT_S4,Immune
-14.96375736,-5.272328832,Tumor,BT_S4,Immune
-7.539230504,-4.466454093,Tumor,BT_S4,Immune
-16.65431198,15.96842764,Tumor,BT_S4,Immune
-5.514868904,-9.224677019,Tumor,BT_S4,Immune
-27.95914884,13.2600489,Tumor,BT_S4,Immune
-12.77009799,-5.449261999,Tumor,BT_S4,Immune
-14.04351195,7.651466455,Tumor,BT_S4,Immune
-10.97848382,12.83144822,Tumor,BT_S4,Immune
-5.804974679,-6.309029656,Tumor,BT_S4,Immune
15.6250642,27.41851837,Tumor,BT_S4,Immune
9.306526979,37.90716303,Tumor,BT_S4,Immune
-8.811958961,-5.968254551,Tumor,BT_S4,Immune
-19.64505795,30.04635842,Tumor,BT_S4,Immune
-5.68925604,-7.702587814,Tumor,BT_S4,Immune
-14.21978546,-7.028446689,Tumor,BT_S4,Immune
-7.621369577,-6.638614819,Tumor,BT_S4,Immune
-11.74220959,15.54103613,Tumor,BT_S4,Immune
5.574785849,35.02975381,Tumor,BT_S4,Immune
-6.847186119,-6.339359509,Tumor,BT_S4,Immune
-24.99289911,0.033918439,Tumor,BT_S4,Immune
0.112062616,27.63414676,Tumor,BT_S4,Immune
-8.542124827,-8.36120381,Tumor,BT_S4,Immune
-17.69021422,-2.612850461,Tumor,BT_S4,Immune
12.43067465,34.75996912,Tumor,BT_S4,Immune
-17.80902216,-2.54503706,Tumor,BT_S4,Immune
14.63603499,27.22601869,Tumor,BT_S4,Immune
-22.29893849,3.0385407,Tumor,BT_S4,Immune
-8.534070218,-5.05458692,Tumor,BT_S4,Immune
-21.34411932,-0.295918804,Tumor,BT_S4,Immune
3.586781799,23.06955014,Tumor,BT_S4,Immune
-6.785249506,-9.700467835,Tumor,BT_S4,Immune
-16.02229574,0.991982961,Tumor,BT_S4,Immune
-25.17793456,8.976050697,Tumor,BT_S4,Immune
-26.47549799,5.52800439,Tumor,BT_S4,Immune
-20.12433003,-0.030420653,Tumor,BT_S4,Immune
-17.63944394,-0.789891524,Tumor,BT_S4,Immune
-8.241957499,10.66427506,Tumor,BT_S4,Immune
-14.19316626,-4.125402616,Tumor,BT_S4,Immune
-22.06813979,-8.49451544,Tumor,BT_S4,Immune
-16.91202206,-0.791108869,Tumor,BT_S4,Immune
-8.249213638,-9.645326367,Tumor,BT_S4,Immune
-15.32703216,-10.55880388,Tumor,BT_S4,Immune
-20.55918372,-4.96439054,Tumor,BT_S4,Immune
-7.231606173,-8.521069854,Tumor,BT_S4,Immune
-6.77998646,-9.228477304,Tumor,BT_S4,Immune
-9.60914858,-7.976113919,Tumor,BT_S4,Immune
-20.84448997,-8.339801579,Tumor,BT_S4,Immune
-7.559486382,-7.65541617,Tumor,BT_S4,Immune
-12.28373669,-6.37397832,Tumor,BT_S4,Immune
-12.11729546,-9.48518734,Tumor,BT_S4,Immune
-6.940208034,-7.794548378,Tumor,BT_S4,Immune
-20.11752449,5.500537893,Tumor,BT_S4,Immune
-0.25284788,17.84253717,Tumor,BT_S4,Immune
-14.90259089,0.215237882,Tumor,BT_S4,Immune
-26.55183916,1.216093085,Tumor,BT_S4,Immune
-18.03228626,0.25603716,Tumor,BT_S4,Immune
-5.651649013,-9.906278949,Tumor,BT_S4,Immune
3.514474806,32.94506947,Tumor,BT_S4,Immune
-19.5047105,-2.684372933,Tumor,BT_S4,Immune
-17.5290318,6.433708927,Tumor,BT_S4,Immune
-5.925746404,-6.92635406,Tumor,BT_S4,Immune
-20.49872842,-5.048050857,Tumor,BT_S4,Immune
3.167699853,35.42239412,Tumor,BT_S4,Immune
-10.84811845,12.76082139,Tumor,BT_S4,Immune
-21.08748176,2.511830034,Tumor,BT_S4,Immune
-15.38036176,-5.176598086,Tumor,BT_S4,Immune
-11.16779636,-9.49847859,Tumor,BT_S4,Immune
-8.209532961,-6.412101606,Tumor,BT_S4,Immune
-14.06564249,19.39229972,Tumor,BT_S4,Immune
-6.9643512,-5.96642645,Tumor,BT_S4,Immune
2.440161204,19.35497281,Tumor,BT_S4,Immune
-25.10868197,4.358958348,Tumor,BT_S4,Immune
-7.267714557,-3.536641847,Tumor,BT_S4,Immune
-16.08924397,-2.981933339,Tumor,BT_S4,Immune
-15.49284871,0.833573844,Tumor,BT_S4,Immune
-24.453298,-1.46806859,Tumor,BT_S4,Immune
-23.3861037,4.116767785,Tumor,BT_S4,Immune
-25.06681814,1.293282407,Tumor,BT_S4,Immune
-24.69928587,-4.331876779,Tumor,BT_S4,Immune
4.204372863,18.42121313,Tumor,BT_S4,Immune
7.048984003,9.463906584,Tumor,BT_S4,Immune
2.068229684,24.47737991,Tumor,BT_S4,Immune
-1.668287932,-8.798049565,Tumor,BT_S4,Immune
-9.674445693,13.18398073,Tumor,BT_S4,Immune
-10.57594137,10.62993558,Tumor,BT_S4,Immune
-25.71120889,10.08982783,Tumor,BT_S4,Immune
-9.390409953,11.50888823,Tumor,BT_S4,Immune
-8.190518855,-8.019489348,Tumor,BT_S4,Immune
-2.524971487,38.49305447,Tumor,BT_S4,Immune
-13.20910591,-5.288025292,Tumor,BT_S4,Immune
8.147318369,30.91921392,Tumor,BT_S4,Immune
-12.73408809,-2.788637163,Tumor,BT_S4,Immune
-18.65218074,5.477025747,Tumor,BT_S4,Immune
-15.54344577,-1.919332887,Tumor,BT_S4,Immune
5.65024443,13.83916589,Tumor,BT_S4,Immune
-4.396471576,-9.287089586,Tumor,BT_S4,Immune
5.30894885,13.34711183,Tumor,BT_S4,Immune
-19.39738346,-1.798141994,Tumor,BT_S4,Immune
-27.8112537,11.09481106,Tumor,BT_S4,Immune
-22.02393654,10.39597872,Tumor,BT_S4,Immune
33.89316549,43.14319641,Periphery,BT_S4,Immune
45.27152559,34.32240848,Periphery,BT_S4,Immune
41.59516238,31.3847503,Periphery,BT_S4,Immune
34.07235422,42.73066332,Periphery,BT_S4,Immune
34.48189842,39.16675245,Periphery,BT_S4,Immune
31.19502889,44.66609954,Periphery,BT_S4,Immune
24.46626632,11.06425487,Periphery,BT_S4,Immune
33.28002605,36.2144616,Periphery,BT_S4,Immune
22.89299662,26.70810408,Periphery,BT_S4,Immune
40.70511433,37.47649389,Periphery,BT_S4,Immune
23.31583988,22.34600426,Periphery,BT_S4,Immune
33.66730262,25.61418909,Periphery,BT_S4,Immune
35.40846854,27.78445616,Periphery,BT_S4,Immune
30.89107075,42.59599613,Periphery,BT_S4,Immune
41.50557923,31.42663001,Periphery,BT_S4,Immune
38.11798653,38.71931731,Periphery,BT_S4,Immune
44.75675164,33.92657041,Periphery,BT_S4,Immune
26.3848754,33.04899899,Periphery,BT_S4,Immune
4.465327523,16.23242745,Periphery,BT_S4,Immune
30.29847117,39.44055081,Periphery,BT_S4,Immune
21.23939118,27.6500826,Periphery,BT_S4,Immune
28.50729947,27.36782767,Periphery,BT_S4,Immune
30.64714676,34.5363292,Periphery,BT_S4,Immune
29.16658534,32.8773958,Periphery,BT_S4,Immune
29.41176996,43.99668887,Periphery,BT_S4,Immune
44.69520258,33.59433944,Periphery,BT_S4,Immune
43.90151414,32.19455845,Periphery,BT_S4,Immune
43.06243979,40.42064302,Periphery,BT_S4,Immune
31.90858058,42.36158994,Periphery,BT_S4,Immune
39.41273792,24.71210272,Periphery,BT_S4,Immune
44.32497657,31.94484227,Periphery,BT_S4,Immune
29.02969937,48.98173695,Periphery,BT_S4,Immune
40.86191023,28.21372973,Periphery,BT_S4,Immune
40.98128766,24.42822441,Periphery,BT_S4,Immune
-1.131240555,13.126771,Periphery,BT_S4,Immune
32.79503606,38.85375615,Periphery,BT_S4,Immune
26.40257205,34.89924248,Periphery,BT_S4,Immune
37.6041311,25.02939709,Periphery,BT_S4,Immune
43.19743144,32.67229713,Periphery,BT_S4,Immune
32.69556083,41.08056158,Periphery,BT_S4,Immune
-2.860495502,23.86204145,Periphery,BT_S4,Immune
21.23723642,28.88580062,Periphery,BT_S4,Immune
29.24630017,25.72265176,Periphery,BT_S4,Immune
36.22687925,43.15503236,Periphery,BT_S4,Immune
36.91878672,26.36976674,Periphery,BT_S4,Immune
-15.02240095,12.27924931,Tumor,BT_S4,Immune
-3.862954428,2.836909904,Tumor,BT_S6,Immune
-5.953435057,5.028191043,Tumor,BT_S6,Immune
-5.59186039,-0.517035872,Tumor,BT_S6,Immune
-3.4908826,1.058664596,Tumor,BT_S6,Immune
-6.429457046,1.765837514,Tumor,BT_S6,Immune
-0.987358902,1.738009983,Tumor,BT_S6,Immune
-6.869515617,3.305153771,Tumor,BT_S6,Immune
-7.361190118,4.964757786,Tumor,BT_S6,Immune
-5.597193097,3.625009589,Tumor,BT_S6,Immune
2.515916349,6.284178594,Tumor,BT_S6,Immune
-19.82157453,-7.552298017,Tumor,BT_S6,Immune
-7.813602834,5.654691195,Tumor,BT_S6,Immune
17.35722636,9.982544371,Tumor,BT_S6,Immune
-5.49234942,-1.099086013,Tumor,BT_S6,Immune
-8.124978033,3.927212876,Tumor,BT_S6,Immune
-21.48569062,5.35948904,Tumor,BT_S6,Immune
-7.000860254,5.58050827,Tumor,BT_S6,Immune
-13.00495001,23.40078016,Tumor,BT_S6,Immune
-4.024186121,1.805090599,Tumor,BT_S6,Immune
-2.718725799,0.828594841,Tumor,BT_S6,Immune
-7.712283589,-0.948570593,Tumor,BT_S6,Immune
-3.82318176,4.548800285,Tumor,BT_S6,Immune
0.218817213,0.217293839,Tumor,BT_S6,Immune
-21.56029581,4.834733664,Tumor,BT_S6,Immune
-5.178669658,4.763867408,Tumor,BT_S6,Immune
-6.16065794,3.204539329,Tumor,BT_S6,Immune
-19.96022535,-6.948562345,Tumor,BT_S6,Immune
-7.039474269,1.284537091,Tumor,BT_S6,Immune
-3.637801621,1.405662249,Tumor,BT_S6,Immune
-4.529837175,3.190758821,Tumor,BT_S6,Immune
-6.169440158,5.543385643,Tumor,BT_S6,Immune
-8.497705337,-3.680709642,Tumor,BT_S6,Immune
-8.414954885,4.567604679,Tumor,BT_S6,Immune
-7.512996596,4.52839373,Tumor,BT_S6,Immune
21.6293271,7.562894818,Tumor,BT_S6,Immune
-18.57986942,-6.377520995,Tumor,BT_S6,Immune
0.079061849,0.238543043,Tumor,BT_S6,Immune
-4.92594537,1.03318588,Tumor,BT_S6,Immune
-5.610889068,5.060959721,Tumor,BT_S6,Immune
-5.972946547,1.415112663,Tumor,BT_S6,Immune
-3.31038247,2.368054974,Tumor,BT_S6,Immune
-2.559767691,3.208499597,Tumor,BT_S6,Immune
-7.998626966,4.599162748,Tumor,BT_S6,Immune
-14.12650358,-0.836130176,Tumor,BT_S6,Immune
-18.92594395,-7.226916053,Tumor,BT_S6,Immune
32.12309536,23.31550056,Periphery,BT_S6,Immune
26.43417767,30.20260282,Periphery,BT_S6,Immune
27.66138061,32.96044085,Periphery,BT_S6,Immune
20.94216005,6.011240069,Periphery,BT_S6,Immune
43.42442022,38.429529,Periphery,BT_S6,Immune
19.9399227,40.20727328,Periphery,BT_S6,Immune
25.28142338,38.85606225,Periphery,BT_S6,Immune
20.76891862,13.99769156,Periphery,BT_S6,Immune
2.540252497,-0.859525628,Periphery,BT_S6,Immune
24.51104471,42.42883164,Periphery,BT_S6,Immune
6.628929703,25.53149404,Periphery,BT_S6,Immune
18.83283825,35.00306483,Periphery,BT_S6,Immune
21.63751573,34.26376576,Periphery,BT_S6,Immune
38.51802204,39.58949335,Periphery,BT_S6,Immune
2.449240264,-1.6057662,Periphery,BT_S6,Immune
19.74384798,23.71894068,Periphery,BT_S6,Immune
22.94921684,39.68405309,Periphery,BT_S6,Immune
-18.61705402,-7.531530965,Periphery,BT_S6,Immune
23.7266519,39.9327017,Periphery,BT_S6,Immune
21.3483697,17.5056584,Periphery,BT_S6,Immune
24.73629049,36.0450349,Periphery,BT_S6,Immune
29.31149744,31.17553257,Periphery,BT_S6,Immune
26.07307408,36.71025129,Periphery,BT_S6,Immune
21.41421374,41.70031022,Periphery,BT_S6,Immune
13.06757293,3.676771129,Periphery,BT_S6,Immune
24.66981669,32.07572873,Periphery,BT_S6,Immune
23.61695796,31.94675837,Periphery,BT_S6,Immune
18.64087761,42.86479627,Periphery,BT_S6,Immune
19.71421853,32.8144362,Periphery,BT_S6,Immune
21.58647954,40.73839182,Periphery,BT_S6,Immune
32.40718575,12.73671075,Periphery,BT_S6,Immune
22.3754355,38.7958508,Periphery,BT_S6,Immune
24.40249379,42.34644597,Periphery,BT_S6,Immune
27.08335077,42.95539022,Periphery,BT_S6,Immune
18.71170658,29.47092653,Periphery,BT_S6,Immune
24.62871709,41.08068804,Periphery,BT_S6,Immune
23.42237525,42.52077748,Periphery,BT_S6,Immune
29.29823143,29.93134652,Periphery,BT_S6,Immune
24.54576037,19.07487462,Periphery,BT_S6,Immune
26.13741396,40.27738307,Periphery,BT_S6,Immune
20.76706715,31.02215401,Periphery,BT_S6,Immune
22.57202956,41.43947812,Periphery,BT_S6,Immune
25.1829347,40.6084021,Periphery,BT_S6,Immune
19.61299077,44.47864597,Periphery,BT_S6,Immune
22.86600392,37.24469671,Periphery,BT_S6,Immune
21.3334803,33.65566124,Periphery,BT_S6,Immune
24.01007632,37.69451541,Periphery,BT_S6,Immune
26.27993511,36.36981717,Periphery,BT_S6,Immune
21.79431693,40.33422634,Periphery,BT_S6,Immune
2.60787247,-1.473132478,Periphery,BT_S6,Immune
2.489621949,-1.527128813,Periphery,BT_S6,Immune
27.74559534,39.53854137,Periphery,BT_S6,Immune
25.92161571,18.33949778,Periphery,BT_S6,Immune
23.44661235,41.59401471,Periphery,BT_S6,Immune
45.53005292,38.81407361,Periphery,BT_S6,Immune
21.24951253,11.71607997,Periphery,BT_S6,Immune
20.67528952,35.11880387,Periphery,BT_S6,Immune
20.50967213,30.02673213,Periphery,BT_S6,Immune
18.80564734,17.14543877,Periphery,BT_S6,Immune
21.48581986,29.51527961,Periphery,BT_S6,Immune
32.81414856,30.19826794,Periphery,BT_S6,Immune
-5.990366028,6.75330327,Periphery,BT_S6,Immune
25.20329707,32.10738551,Periphery,BT_S6,Immune
22.73301116,36.51118299,Periphery,BT_S6,Immune
19.48597826,44.10152439,Periphery,BT_S6,Immune
21.78741801,12.68697335,Periphery,BT_S6,Immune
13.62967487,45.37821526,Periphery,BT_S6,Immune
26.59491834,41.97087468,Periphery,BT_S6,Immune
26.22056682,10.66024745,Periphery,BT_S6,Immune
18.71796137,33.77248778,Periphery,BT_S6,Immune
24.86281243,33.51119438,Periphery,BT_S6,Immune
18.87669618,32.19949109,Periphery,BT_S6,Immune
21.36105154,32.86545292,Periphery,BT_S6,Immune
43.46293148,38.37896612,Periphery,BT_S6,Immune
26.33430048,24.97980899,Periphery,BT_S6,Immune
21.77413349,12.87703609,Periphery,BT_S6,Immune
20.22680732,37.80121056,Periphery,BT_S6,Immune
35.53900851,18.82244528,Periphery,BT_S6,Immune
36.59951765,34.5224167,Periphery,BT_S6,Immune
21.16733563,35.21148897,Periphery,BT_S6,Immune
18.74454896,46.81486852,Periphery,BT_S6,Immune
23.07481511,39.6661426,Periphery,BT_S6,Immune
19.90621867,46.03845144,Periphery,BT_S6,Immune
33.71247475,24.67106085,Periphery,BT_S6,Immune
25.40924949,27.83956984,Periphery,BT_S6,Immune
27.40570766,27.89188936,Periphery,BT_S6,Immune
18.67420437,16.80037822,Periphery,BT_S6,Immune
17.24897904,31.71316848,Periphery,BT_S6,Immune
22.22625153,36.33906939,Periphery,BT_S6,Immune
38.96999059,31.52755457,Periphery,BT_S6,Immune
3.923547807,-4.75178768,Periphery,BT_S6,Immune
-1.749053824,-1.922503384,Periphery,BT_S6,Immune
23.80038259,34.57481032,Periphery,BT_S6,Immune
22.93092104,36.02979583,Periphery,BT_S6,Immune
22.57713718,13.8967803,Periphery,BT_S6,Immune
20.06851816,23.52651212,Periphery,BT_S6,Immune
23.62526377,41.8345188,Periphery,BT_S6,Immune
8.295208249,43.99164675,Periphery,BT_S6,Immune
19.65012508,36.40044936,Periphery,BT_S6,Immune
24.96386593,11.09269264,Periphery,BT_S6,Immune
19.2867402,35.59540254,Periphery,BT_S6,Immune
24.40492341,43.78118939,Periphery,BT_S6,Immune
17.28429887,33.80376592,Periphery,BT_S6,Immune
17.29591616,33.80708586,Periphery,BT_S6,Immune
17.85665747,46.90466852,Periphery,BT_S6,Immune
21.42238473,32.9867433,Periphery,BT_S6,Immune
25.04294604,9.9827244,Periphery,BT_S6,Immune
32.16113852,24.59794106,Periphery,BT_S6,Immune
15.4663601,42.71204653,Periphery,BT_S6,Immune
23.19809136,34.80289905,Periphery,BT_S6,Immune
17.2063607,31.69746167,Periphery,BT_S6,Immune
19.35090247,43.94798536,Periphery,BT_S6,Immune
21.22299093,30.97975186,Periphery,BT_S6,Immune
-4.786723612,2.338258447,Tumor,BT_S6,Immune
-4.607173378,1.759884005,Tumor,BT_S6,Immune
-7.884347871,4.476080425,Tumor,BT_S6,Immune
-5.424130894,2.768471677,Tumor,BT_S6,Immune
-3.990831492,3.902649021,Tumor,BT_S6,Immune
-8.953989023,3.328156858,Tumor,BT_S6,Immune
-5.865725689,3.792365579,Tumor,BT_S6,Immune
-3.500631644,1.460972423,Tumor,BT_S6,Immune
-3.816832225,-1.4764612,Tumor,BT_S6,Immune
-4.775324126,-11.34301876,Tumor,BT_S6,Immune
-21.08399491,-5.487045338,Tumor,BT_S6,Immune
-4.539739795,2.457847956,Tumor,BT_S6,Immune
-19.13135613,-6.485900554,Tumor,BT_S6,Immune
-5.297602023,0.382398708,Tumor,BT_S6,Immune
-4.753831401,2.747620252,Tumor,BT_S6,Immune
26.51738588,37.99023259,Periphery,BT_S6,Immune
24.38636459,41.33225186,Periphery,BT_S6,Immune
22.42575013,45.55596901,Periphery,BT_S6,Immune
23.06325552,32.93480213,Periphery,BT_S6,Immune
18.11929359,36.43108669,Periphery,BT_S6,Immune
28.18471301,19.59863309,Periphery,BT_S6,Immune
-1.37753824,-9.166416317,Periphery,BT_S6,Immune
22.36435056,39.59120658,Periphery,BT_S6,Immune
20.92457961,35.52656856,Periphery,BT_S6,Immune
26.36090284,36.44024593,Periphery,BT_S6,Immune
18.88200074,35.11367004,Periphery,BT_S6,Immune
26.00147705,45.14821218,Periphery,BT_S6,Immune
-17.50526517,10.69915435,Periphery,BT_S6,Immune
10.32549457,36.98702967,Periphery,BT_S6,Immune
24.11312176,37.80034876,Periphery,BT_S6,Immune
-7.33974293,1.558395388,Tumor,BT_S6,Immune
-4.565103359,3.573738144,Tumor,BT_S6,Immune
-5.931180084,-0.35369097,Tumor,BT_S6,Immune
21.62773865,29.44024081,Periphery,BT_S6,Immune
15.15917033,32.13152448,Periphery,BT_S6,Immune
12.74603957,20.70263962,Periphery,BT_S6,Immune
44.13976109,38.78228225,Periphery,BT_S6,Immune
37.65333162,46.80589994,Periphery,BT_S6,Immune
12.16371481,-6.921008125,Periphery,BT_S6,Immune
23.52334611,28.73996637,Periphery,BT_S6,Immune
45.79633417,38.75011245,Periphery,BT_S6,Immune
21.07174868,35.22660838,Periphery,BT_S6,Immune
39.53436682,45.28863648,Periphery,BT_S6,Immune
17.9917558,46.91498969,Periphery,BT_S6,Immune
37.17822156,44.9298786,Periphery,BT_S6,Immune
19.56037583,20.22265396,Periphery,BT_S6,Immune
24.13151282,28.68763505,Periphery,BT_S6,Immune
43.21450472,40.55847699,Periphery,BT_S6,Immune
3.409990231,-1.507780896,Periphery,BT_S6,Immune
17.00205016,25.00504884,Periphery,BT_S6,Immune
-12.66693054,-3.672656327,Tumor,BT_S6,Immune